Evaluations;Max fitness;Diversity;Mutation rate
400;1.2250826385084E-7;9.025553667450865;1.0
1000;1.3486579794152828E-9;0.05393264838348724;2.4506580455850746
2008;1.9797758419799482E-9;4.007611027600186;2.9088183704864
3016;6.310092681419245E-9;6.542052097744712;3.0
4000;9.978927392572639E-13;1.143273404758194;3.0
5008;2.8324950564659007E-8;1.3634360822068106;2.142075506097651
6016;3.975118944565271E-5;0.8986179301805913;2.6904150276417713
7000;6.978913216363926E-12;2.9068025156742663;2.1363745015032793
8008;6.111115785813305E-6;0.1836605773123262;2.300835186618502
9016;1.6625920280367912E-6;0.08350568666788262;3.0
10000;2.2045448483420103E-8;4.296251069949061;2.808921577735431
11008;5.926594063005156E-10;0.9375912337094128;0.6575607101823769
12016;5.660051263014706E-9;0.7285221799046302;0.3824470164424069
13000;6.731511361300757E-8;4.155620114661608;1.3762854687640784
14008;3.3657556806503787E-10;2.315788341909245;1.3762854687640784
15016;6.401211670573314E-9;0.018670326863571174;1.1634926376902337
16000;3.1897849566283484E-9;3.2039458242004883;2.3226211014986498
17008;1.9944515488240148E-11;3.8723479555413616;2.361471360257044
18016;4.7149645019465335E-7;4.472857144248945;2.299706028767999
19000;1.6668583892242693E-10;1.5658765306160205;0.7986121620830452
20008;1.5283262688198354E-6;0.11542979350353502;0.9941346542633941
21016;1.0704442558792446E-10;3.808170055403452;1.2007422916418664
22000;7.367070939387476E-8;2.335948421361675;1.551015554728407
23008;1.3761651486658771E-9;3.6342903436925624;3.0
24016;1.876687198617684E-10;4.279120394430706;1.3720418749355772
25000;6.979505447515611E-8;4.194594245253988;1.0651815790236825
26008;1.558332262032545E-9;0.19612178749914463;1.6903943040817313
27016;1.4029213792304672E-9;0.06621440573207736;2.2569046652086997
28000;5.296457856339249E-6;1.163955343662231;1.9034083620066304
29008;2.8303598915307724E-8;0.3258287808792964;1.0168719693729529
30016;2.202134529953217E-8;3.0046430358313527;2.8494264270467413
31000;6.535483676214206E-7;1.7948829575850551;3.0
32008;8.091705118980745E-11;3.8153261798265543;3.0
33016;6.253235286832469E-9;4.54032292960631;1.9470717075178718
34000;2.0507024704219947E-8;0.9121668384612363;0.42023095351210504
35008;7.353369396518893E-11;0.0929291750944768;0.5427762906304711
36016;2.44582878379712E-10;2.9779962297276485;1.1011457202862613
37000;4.715532759972133E-10;3.5505089589141634;0.3042737858733939
38008;4.2723747687076984E-13;3.0059570210006776;0.26743134929207524
39016;9.498181242054355E-10;0.6080550653071572;0.6742748641053428
40000;1.1322495555141636E-5;0.06423842598246812;0.0879797999919246
41008;6.471495764470949E-9;1.579064763619929;0.11597610876218976
42016;7.159147545553933E-8;2.8887586697781895;0.10455537578596788
43000;3.0267202996047854E-8;2.581469700121146;0.14580609678304596
44008;1.182967238004036E-7;1.0844966582299598;0.29738198018694795
45016;7.538231090514994E-13;1.1544428096783654;0.5647312603314832
46000;3.540662003970466E-6;0.619093120705656;0.6834383717132264
47008;5.5774648615365876E-14;2.6918387385034945;0.9940166057153416
48016;1.4237982441475576E-8;0.6265412750137929;1.50233210605377
49000;2.2959822338487994E-6;0.06323088328480772;0.7848087419197133
50008;3.891070251088833E-5;0.36407213585665826;0.430886836940717
51016;2.847349837386727E-8;2.964821217076899;1.0007687888523291
52000;6.3310862393457805E-9;2.312134624396038;0.5505801055959345
53008;2.2254057569550992E-8;2.0709537995592413;0.08551772038592749
54016;5.726881257987115E-7;0.02229047751240768;0.33640495159469874
55000;2.0957681906347478E-10;0.018350150618604594;0.5148756795149271
56008;7.816258566749429E-10;0.07728073545822867;0.47051784284460946
57016;2.8325254158692826E-8;2.463926719412636;0.25867545126817604
58000;1.5214496692685732E-4;1.0815648387943555;0.25315225131142804
59008;1.7431594392424717E-13;0.4271429683142002;0.0997884935449687
60016;6.046008690232726E-6;0.5268121963142438;0.021488296523681068
61000;6.360921706182084E-10;2.038388792410446;0.15377990520715004
62008;1.7490799591764603E-10;2.1989150184018973;0.004172952570175653
63016;1.473333465590028E-6;1.4547571064986258;0.09470692718930326
64000;1.8169570077159294E-8;0.6316637161113382;0.028150789446988525
65008;1.9033650049715972E-10;1.7210760393593796;0.009926180778157144
66016;4.150411310404468E-9;1.2267251694571688;0.0028063695399796725
67000;1.6124707620239505E-7;2.0879653252617976;0.0057125728709551335
68008;7.973319277157858E-10;2.207436454573099;0.06484731070112956
69016;4.4236455470638415E-8;4.397492355349958E-14;0.06239044700394568
70000;3.181805909456479E-9;1.7701376945301008;0.1243458858601383
71008;3.8030055464100874E-7;0.39980420761384217;0.13672479283566613
72016;7.011258211706581E-9;0.42014787383908786;0.06668918135178169
73000;2.687623137994372E-7;0.06213914933785558;0.021852437425321947
74008;1.3224001393522395E-7;1.1037114082846609;0.25286830907479163
75016;4.497193278518523E-13;0.12010535149548106;0.8863238651277295
76000;6.203160883402886E-8;1.1875219161291133;0.4715307279892685
77008;1.9550896655601537E-7;0.6472583806684142;0.8460618990181672
78016;8.396448547140648E-11;0.013353295445206413;0.36461025339332304
79000;3.870143343712447E-8;1.1758926198809767;1.1078186121084819
80008;6.820241416229609E-5;0.011051878436802765;0.022836071787648675
81016;3.9238802474875277E-4;0.008238585603380227;0.0027982994446791314
82000;0.0031482904829083598;0.002890761337942935;0.00533399246926786
83008;0.0065620852503665405;0.002380685191552164;0.002052249134939073
84016;0.004350736494050552;0.0020012596350555256;6.504469235720234E-4
85000;0.007538729398514096;0.0019154752147066928;2.6734146105343955E-4
86008;0.007713579866913381;0.0018743606195783097;4.560868609236128E-5
87016;0.0068373788110648185;0.001915130462581175;0.001198586372813265
88000;0.004274767717515036;0.0018504522684134855;8.531044563659561E-5
89008;0.009458878380464567;0.0017342247456126091;1.0450374568594681E-4
90016;0.008927132232927178;0.0020121370811981344;1.168435776921129E-4
91000;0.010952669008430145;0.0019285399025159836;1.3005890011796165E-4
92008;0.00975430990655355;0.00205914151339603;5.707071162567381E-4
93016;0.008380467156332857;0.0020390275460324073;7.215651944254321E-4
94000;0.007532489679250453;0.001960515829292095;1.1306675455163801E-4
95008;0.014174678797736588;0.0018666519260946176;8.380219963874631E-4
96016;0.014375454255962771;0.0018157783342104363;2.3735132373698233E-6
97000;0.014951806418158797;0.0017823400518632718;2.2713362743359836E-5
98008;0.009493784713070084;0.001877293454193843;6.0701308451722694E-5
99016;0.011272327959336076;0.002031257548050189;6.179586182470198E-4
100000;0.011397143281418588;0.0019410892818025223;6.6548982701295176E-6
101008;0.01448601887330499;0.001957319722084944;1.4066701315690544E-4
102016;0.012994372213834093;0.0017884567874287265;0.003462628435752141
103000;0.020629929802355902;0.0018798541699135709;6.468550951814367E-4
104008;0.01680120494991229;0.0018376607856605005;3.7693239478600403E-4
105016;0.012056465853116299;0.0018606711623477075;0.0013897303969547354
106000;0.018064262522981756;0.001921150785535333;6.495506149996374E-5
107008;0.020850255025662807;0.0019015567001174445;3.843261552701471E-4
108016;0.015275280717252244;0.0017949044086432188;0.0013152655606260056
109000;0.022105935398922905;0.0018577495297554063;2.2890809511972806E-4
110008;0.018076726214958903;0.002002575175672842;1.5300711548352108E-4
111016;0.017199924903475054;0.002093758521886153;2.4777098969070533E-4
112000;0.015284669991056675;0.0020801622700559225;2.9704299657846905E-5
113008;0.016078201375958837;0.0019858671191138534;6.647990087887071E-5
114016;0.013218097058590311;0.0019112177751869316;3.0321242051985014E-4
115000;0.018940368435114416;0.0018025468143261815;2.3245636695312367E-5
116008;0.014667965272729533;0.0019997565572691706;1.1269136171725933E-4
117016;0.013553596809078531;0.0019666375781185012;7.926971677347395E-5
118000;0.013115645006405443;0.0018323237382106487;4.068805028699161E-4
119008;0.012324525219336288;0.0019676786437635707;6.895010882900852E-5
120016;0.012861506434316789;0.00195695480190283;2.2883718312694996E-4
121000;0.013118072660376956;0.0020399861960108366;9.430416386855652E-5
122008;0.013732114376793017;0.0019050522558495403;1.7997688618818543E-4
123016;0.014894004462290115;0.0019414797741406468;6.798715048021644E-4
124000;0.025813337278081366;0.0018776986100972168;2.9036269319480814E-5
125008;0.021940477109730485;0.001803800401008901;3.079197033809474E-5
126016;0.023096658163602686;0.0018715358417991323;5.936949346680339E-4
127000;0.019332148418812013;0.0018307456730694337;1.014804589075412E-5
128008;0.01843885217521172;0.001692984364361641;2.244819058735817E-4
129016;0.019772438777107267;0.0017030677445142286;1.6668344120493304E-5
130000;0.021053805696789357;0.0017549177143185992;3.0986687270501065E-6
131008;0.019321900125052;0.0016593812842588837;1.4261254394296358E-7
132016;0.027216200096065245;0.0017527491626411359;4.151919112808848E-5
133000;0.026464324315581548;0.0017886871123272655;1.193783361830991E-5
134008;0.02740552978378142;0.001632442212770153;6.037577945888495E-7
135016;0.020551025012194104;0.0015820222329092433;1.0451756509765197E-6
136000;0.025710577647186088;0.0015514268260663727;4.4335954924402286E-7
137008;0.019101190712949797;0.0015130883687835982;9.96717374710898E-7
138016;0.02481620457225491;0.0015910250418454488;2.6058503407826718E-6
139000;0.022901280933753466;0.0015530387897193694;1.6883099380318836E-6
140008;0.022183742077545535;0.0014898489363833866;2.3206228078960762E-5
141016;0.0288802171140068;0.0016031981774082868;8.178694690129034E-6
142000;0.016035339028071985;0.0015387562686380424;1.450234779836158E-6
143008;0.019848191739704393;0.0015588535748746978;1.6956848141498352E-4
144016;0.01863930658427911;0.0015963392550011083;4.799598187929046E-8
145000;0.022563004981797016;0.0015866268011899354;3.321633646404769E-5
146008;0.02855000137913849;0.0015524343305376464;6.672546712116495E-5
147016;0.02163460500304363;0.0015574542984979865;5.630459513605506E-7
148000;0.02218825301067365;0.001478487442346419;1.615301498605662E-7
149008;0.01817932061889852;0.0014913588192631715;2.4366313650385625E-5
150016;0.020239419913935165;0.0015145469868221133;4.010723106978731E-5
151000;0.01701451695391007;0.0015406600035129754;3.451988493274164E-5
152008;0.015514201516344788;0.0015165985174519095;3.5704282826572053E-6
153016;0.02612480886329941;0.0014782591065588054;2.4846020484040382E-6
154000;0.019725373272722207;0.0015469641848256917;2.343130070605696E-6
155008;0.024801394172922982;0.0014408980353443268;2.6660938924240374E-8
156016;0.02432537163878936;0.00147046599168431;1.490124325150057E-7
157000;0.02018895710679892;0.0014924213417694375;4.748980850173768E-8
158008;0.01954357575579273;0.0015012343301435136;4.836808065553454E-8
159016;0.019299127574711493;0.0015106729649773413;5.908138610445034E-6
160000;0.01895007556683708;0.0016122226526302842;5.795197754625179E-5
161008;0.024671547262628064;0.0015720568714019897;1.3710951203450848E-5
162016;0.01876624329384734;0.0015375483453212383;2.0607616490356704E-5
163000;0.01663892930996793;0.001455461746008841;1.755836702114138E-5
164008;0.023016353949391884;0.0015856322715566528;1.034279681884895E-5
165016;0.016233042800114846;0.0015007836650159144;1.4380302796570669E-8
166000;0.019844033630266635;0.0014749575360995908;6.266649675978951E-5
167008;0.022447555220653826;0.0015322575456464906;1.3144290714334087E-7
168016;0.02200098456143162;0.0015518022061106992;5.641527740078925E-7
169000;0.01552325613666965;0.0015941199539467547;4.941450107662236E-4
170008;0.017981855927962337;0.001614942729069413;4.696204418291112E-5
171016;0.017464460672525155;0.001515279264484669;2.283001583269984E-6
172000;0.019071961240285307;0.0015204536321895598;5.105961952511075E-5
173008;0.020839128465258108;0.0016506264962247862;9.105925892585161E-7
174016;0.021826626757512867;0.001602474463402061;1.0506528239891645E-7
175000;0.015209970550883741;0.0015847053016084175;7.890568814669519E-8
176008;0.02229333756996363;0.001626224734967236;9.603909740046873E-5
177016;0.02738156910923984;0.001661407454635642;8.13525558397382E-6
178000;0.023881404367004904;0.0015650606692568583;3.0575773608594045E-6
179008;0.021078166087359164;0.0016073687279198167;7.2580840696343584E-9
180016;0.021242329103751522;0.0014911840204755746;1.5212637881827392E-7
181000;0.02230145730829286;0.0016396337070174241;1.5467429831661645E-6
182008;0.015228639413621386;0.0015325943498782446;6.739125287378364E-4
183016;0.020000511107429123;0.0016065841005570298;5.369110761103891E-4
184000;0.020969554220889763;0.0015776762492339036;6.139205262094712E-6
185008;0.01876417930596001;0.0017005338392741003;6.889079095141046E-8
186016;0.018508895285468688;0.0016066256561049156;2.846643869714639E-7
187000;0.022969012217602287;0.001693902096848557;3.3795299162136637E-5
188008;0.015138080698636336;0.0015680899066326697;4.511683639566875E-8
189016;0.018789967398466653;0.0016218777347893328;1.8013904601725857E-8
190000;0.020818478794983865;0.0016784894631934545;2.4164759338154054E-7
191008;0.021101253284175305;0.0015250221537484144;6.267885669052987E-7
192016;0.01646459189358006;0.0015348442157271636;1.515398895404228E-7
193000;0.018870536173456666;0.001512361609083722;1.6524280728252323E-6
194008;0.02161818288846174;0.0016755030217305664;1.144840789995764E-8
195016;0.01983447405838824;0.001655549269681792;9.904973592883378E-9
196000;0.02122644127716523;0.0016830974869943317;2.933596166230107E-7
197008;0.01843014123469637;0.0015077884174705474;9.09048963009783E-6
198016;0.021020577037076753;0.0015479984887929155;2.027245892845993E-8
199000;0.01672485144873944;0.0015835428789174118;1.0697820320586628E-8
200008;0.016224743684368582;0.0015160064761719585;2.4697874468552467E-9
201016;0.021688850989702323;0.0015352043629973608;5.2432760149743605E-6
202000;0.026669993937138127;0.0016555938987307718;7.115452659123928E-7
203008;0.025158632514874626;0.0016606728545058643;7.938282970420573E-6
204016;0.024145332164768222;0.0016378912967624643;1.1606495244106263E-4
205000;0.0172610697999806;0.0015973265862666748;2.1929568219686525E-8
206008;0.01628040634233113;0.001569055099721186;2.0155898142183976E-6
207016;0.02523295533251352;0.0016362053738262767;1.436790680734093E-6
208000;0.0215309911948251;0.0015765672075627793;4.294415520774881E-9
209008;0.0291602106539629;0.0015548283374273069;3.39071134603469E-7
210016;0.020565766445380607;0.0015436609453422187;9.91635631811941E-9
211000;0.024292195319759742;0.001616290372850342;1.0083949947163372E-6
212008;0.019820673927261664;0.0016136657295183787;3.2276402739463146E-6
213016;0.023586955877425583;0.0016420000808536662;1.2229355947780627E-10
214000;0.019408275739405834;0.0016045389632122252;2.092648615130871E-6
215008;0.024264601943964924;0.0016595069309295505;4.026251097042209E-6
216016;0.0151110883986357;0.001530076873144951;2.4169259702510073E-6
217000;0.021022013311677815;0.0016276813738022936;2.5103755881105596E-10
218008;0.03333424877092222;0.0016404376520732793;1.2519756637570805E-6
219016;0.015466437275754436;0.001590978466137734;2.5896266740205127E-4
220000;0.022299034086560532;0.0015907461652252624;6.329640151927328E-7
221008;0.02371922031280939;0.0016669701080465648;3.390116579248107E-5
222016;0.02389892865031045;0.0015741308021462621;8.91364250871799E-7
223000;0.02208311746085822;0.0015925311626691235;2.6282522202208126E-7
224008;0.02166968380848027;0.001638263374950966;1.567678644580423E-6
225016;0.027102601334458028;0.0016260244771970098;2.461849275272609E-6
226000;0.022894316346329147;0.0016405859805798994;2.0217698087398417E-5
227008;0.023386537554464095;0.0015688546500361412;8.00705762484288E-6
228016;0.02088780227501677;0.0014818359583750125;7.1237397435901464E-6
229000;0.027706780427036056;0.0015710935335685437;1.113625359217898E-8
230008;0.027802288148014137;0.0016324873442841246;3.1182465427250904E-6
231016;0.019914862809755414;0.0016312643191002413;1.0656036655736276E-4
232000;0.015550822358747607;0.0016656968686934014;1.872210441775034E-9
233008;0.01981121569952507;0.00162377996713638;2.9821167334270434E-7
234016;0.036677554439255286;0.0015449871643987592;7.816834896557658E-6
235000;0.036677554439255286;0.0015452227199552503;7.816834896557658E-6
236008;0.03263910504705202;0.001602160634334325;5.388854391545664E-7
237016;0.03857522625005024;0.001586273053527026;6.781956631721003E-11
238000;0.019108287459180258;0.0016260427029766789;7.251923694160412E-9
239008;0.02078811668039771;0.001626463903831967;5.470965503094697E-6
240016;0.019790285126031436;0.0016236260614312836;6.360721790132395E-5
241000;0.018487177837160845;0.0016328625718522113;1.8436925825172807E-5
242008;0.018859403347654985;0.0016282029467703462;7.361744695399446E-6
243016;0.01984679271180343;0.001741548323683667;3.9861176874002304E-7
244000;0.022518372712311163;0.0017485744577360942;1.7482043439377982E-11
245008;0.01652181222819471;0.001660200227338953;1.5801385149509822E-6
246016;0.022732367400968987;0.0015999354415696743;6.364673316877305E-5
247000;0.02025874459754474;0.0016328468987828995;1.4426880996698562E-5
248008;0.02608663800570714;0.001679921240674008;1.973083401948294E-6
249016;0.024452864555192213;0.0016789342869628838;7.628964005368576E-6
250000;0.018764458338940394;0.0016910214136211343;3.5996426492381423E-6
251008;0.015783871019025803;0.001601002924894976;2.194158215997354E-6
252016;0.01758617186268344;0.0016124789250078538;1.1482533815862311E-7
253000;0.020931858062304406;0.0016367097283582178;8.819117113119713E-5
254008;0.02374381769774355;0.0016629477245702704;5.673899740857908E-8
255016;0.021234265646405993;0.0016063112839972025;3.168935551957869E-8
256000;0.02086591899815824;0.0016488332344741631;2.6544117046153406E-10
257008;0.01760258181141124;0.0015503743073887475;1.1436614885500268E-6
258016;0.021106492683037704;0.0016881234525655947;1.6409625793920407E-8
259000;0.015636156430747946;0.0016037474500112687;2.064150955236192E-6
260008;0.016712732459318744;0.0016215395956128361;9.560200325326063E-5
261016;0.026667182530048347;0.0016951103080356485;2.265413660192104E-10
262000;0.02856875742106394;0.0016423306055741841;1.877893369926618E-4
263008;0.019568265249871535;0.0017276427538111614;9.297437534328466E-6
264016;0.02440907923330508;0.001688760282005886;9.883921314654929E-5
265000;0.028769846398309387;0.001782891038214189;5.257380075832673E-5
266008;0.021530655898126545;0.0017323145646556252;8.001407768719599E-5
267016;0.02282872055050578;0.0017399032211256663;9.92138443686839E-5
268000;0.027556638129792928;0.0017717517744569333;8.595225434232864E-8
269008;0.019480445282661144;0.001672255600886344;4.153490080536162E-5
270016;0.02248303805303052;0.0016401593227292326;2.3366564790509977E-7
271000;0.019305876283362635;0.0016941238628067957;1.0407570517164536E-5
272008;0.020372976572717024;0.0017303641886184922;1.297490184899119E-4
273016;0.014861447582315335;0.0016256671215781654;1.1851530790470368E-8
274000;0.021461678777291403;0.0017359961728972168;1.2684064052972015E-5
275008;0.016967887798855;0.0017227942170949717;6.681844209432866E-5
276016;0.023652517391732852;0.0016607217627630884;3.6276410836221013E-12
277000;0.015678641281082546;0.0015703708161612132;2.775080165626926E-11
278008;0.02150878337829057;0.0016653064394530025;2.9508924353205588E-8
279016;0.01930824245668635;0.0015674015601933346;9.754102137863288E-5
280000;0.020572725978794653;0.001569202407955421;2.773706282074557E-5
281008;0.026003928155897256;0.0016008507291183503;2.141222114856623E-12
282016;0.025702263061849008;0.0015548176423535026;1.7720905729810297E-12
283000;0.02114532091607029;0.0016136146948312518;5.2851330139507E-6
284008;0.020317144075739743;0.0015350803992245747;7.919361546408161E-5
285016;0.024133127057984288;0.0016079775723177492;1.3825385444717509E-5
286000;0.02060312761644144;0.00163164851505871;4.573195536099624E-6
287008;0.018789142294136835;0.0015770306361493607;2.5240491359118957E-6
288016;0.0205715410687182;0.0015722169940527568;3.472579535935582E-8
289000;0.01741435146601582;0.001651445536523664;3.8513684771119587E-8
290008;0.017051348813606444;0.0015495277938228024;1.32367179821404E-4
291016;0.020351930061969493;0.0015898683977155438;4.006252375064199E-8
292000;0.012750082836847471;0.0016342497736185533;3.095168706544654E-7
293008;0.02875900378143275;0.0015965689707853827;1.2259455873983688E-6
294016;0.02603639827380977;0.0015641868609989461;2.9419773239940517E-8
295000;0.020447989593829985;0.0016339025219212764;3.9440232476492425E-5
296008;0.019156658425883575;0.0016273147775276483;3.4776978956000825E-8
297016;0.03386690159688128;0.0016616202566202222;2.838739751869596E-4
298000;0.02024116799475257;0.001578318745434587;1.5297738714153276E-8
299008;0.01849895065536023;0.0015749436870829317;2.997490219221763E-13
300016;0.012627403105466601;0.0016548122929379218;7.500717653684492E-6
301000;0.017412183829893513;0.0016734658398514471;1.5652960162555014E-4
302008;0.017631477020650255;0.001681495786239837;1.3166045926650061E-11
303016;0.01835727987506974;0.0016178562361335688;2.147456582793856E-8
304000;0.026933935905316023;0.0016270149063920716;3.2414405374427573E-9
305008;0.02211586039459365;0.00163353246377816;2.2376577960355313E-7
306016;0.019806356356679093;0.0016958026928446527;7.958800514426364E-7
307000;0.019191848929724982;0.0016804667079552138;9.576752218141951E-9
308008;0.0249848833955716;0.0016011060554359225;1.4064691865354979E-6
309016;0.023139561229207826;0.0016689066653449614;5.809909467532183E-8
310000;0.023096448910310055;0.001754614714780963;1.944687176309971E-7
311008;0.014420866961278908;0.0017643985077207484;2.2947654486934092E-8
312016;0.02858637951540892;0.0016054219470981886;4.4597596107102136E-5
313000;0.017871478804897787;0.0016386783043546467;3.141810653727776E-14
314008;0.028957861620037297;0.0016598304622024696;6.186437929468241E-6
315016;0.01510609101918633;0.0016650647303893492;3.4069047207586705E-4
316000;0.01948772426264437;0.001625067945875632;4.216684170742298E-6
317008;0.015236338659993921;0.0017163371348750667;1.3565862676469322E-7
318016;0.01875553491921194;0.001747354765014686;6.210704818752428E-15
319000;0.019838639461139115;0.0016873192225745205;5.965599488733338E-9
320008;0.02805704654974269;0.001639701331226726;2.7643134541143353E-14
321016;0.03189991508307485;0.0016617701859454942;7.752311251545228E-6
322000;0.04388050623990124;0.0018078200864569008;7.551827113500753E-6
323008;0.017469796481480337;0.0017668881319149211;5.8657359310540575E-8
324016;0.020280753247657594;0.0017421802454748662;4.2410895167588154E-16
325000;0.014052722045410703;0.0017497848702611725;5.177562733155054E-10
326008;0.025704344993607624;0.0017424720545239553;1.4428699015789633E-5
327016;0.01865332509833633;0.0017674050046845911;2.981816339730204E-10
328000;0.031332541533722946;0.0016846541344365312;1.70722963586865E-5
329008;0.022273459599513584;0.0018189685410965604;1.1084255546510936E-5
330016;0.023276605869924305;0.0018415748301403654;1.056944352028964E-4
331000;0.02126179110135174;0.0017217230241215035;3.3145644889917633E-6
332008;0.020683516675994856;0.0017010264385367362;4.815026704427412E-6
333016;0.022092466364022;0.0016460605567060508;2.735303963055785E-15
334000;0.018207701743283063;0.0015445878532157828;5.395546085109518E-9
335008;0.02013210770645268;0.0017194333199834714;8.02571758063908E-6
336016;0.022112002281432667;0.0017729189750741415;1.3745780303537735E-5
337000;0.019649604938068662;0.0015670311650250823;4.50582112002021E-5
338008;0.02136825968506202;0.0015200163463603574;1.2124385655006886E-8
339016;0.021587139375026477;0.001572002445531411;2.396753920858957E-7
340000;0.03363114203799786;0.0015729362382946224;2.3099478377636436E-15
341008;0.021512542517079396;0.0015951882011027078;8.94160306438186E-9
342016;0.02232957621696897;0.0016721899996608725;4.782305357144287E-15
343000;0.021051359937313097;0.0016394358200065853;4.942970386750445E-9
344008;0.02807242597269184;0.0016419802401271338;2.1574064727839854E-6
345016;0.029721333899969223;0.001712986839653273;2.6863006210262792E-6
346000;0.03192371848035221;0.0017161472105352868;5.944882323501699E-6
347008;0.02673786437958911;0.0016948726423702538;2.9740667687237288E-8
348016;0.021996489631067023;0.0016775319010843294;1.3244066721153155E-8
349000;0.019783607312183673;0.0016224748443489953;2.5085854067936817E-5
350008;0.022743461876056095;0.0017416096151652949;2.078877900492544E-6
351016;0.0302041178273508;0.0016817195074266933;3.970883639155185E-8
352000;0.01988571327108443;0.0016540035762366697;6.919724509591357E-15
353008;0.02547742158059442;0.0016253136236514816;3.967014387316052E-5
354016;0.022727243857481434;0.001638483273819287;1.1459316977232363E-5
355000;0.025366107460089955;0.001586522698476701;6.8852841698468345E-15
356008;0.02565335655862337;0.0015896270385734883;5.685036183451852E-6
357016;0.02304712561132684;0.0015611567766189256;4.0472306583926176E-5
358000;0.02058262381390881;0.001616329417415673;5.1605444149905566E-5
359008;0.018613206885995003;0.001666299441986564;9.301739307106157E-9
360016;0.01947748725299039;0.0016455314651072782;2.8800695353429314E-9
361000;0.022196275779970777;0.0016938434371188517;9.366457190915883E-16
362008;0.01750475087914611;0.001702490945963831;4.3733545893344387E-10
363016;0.021169697253557107;0.0016083780933624392;2.001265463234202E-8
364000;0.0229767801400554;0.0017370478395509021;1.2339326460979298E-11
365008;0.0324707670917359;0.001697456995459671;2.605962829794044E-12
366016;0.03116587080904224;0.0017877198177005751;7.978911720031482E-12
367000;0.02403315794342728;0.001758267265766005;1.2858065047155266E-6
368008;0.018959534320110136;0.0017960719067079396;1.234457907806102E-7
369016;0.029008710546876815;0.001772029594445858;8.324751437010173E-5
370000;0.02618910235039979;0.0017160168371929752;2.005521411337071E-9
371008;0.02462143034690732;0.001788564355244789;1.835918294903301E-5
372016;0.032523721434699206;0.001719031296405943;3.7616404507850527E-13
373000;0.0298213406342616;0.0017461371149712227;8.353347481387295E-5
374008;0.026145722473334035;0.001762820180220051;1.6787161285935058E-10
375016;0.025025223689619687;0.0017147336000715;8.169766181483124E-12
376000;0.02852058142261875;0.0016686558956206625;3.575732851920997E-14
377008;0.020805509096137473;0.00184012331435697;1.0502493783982962E-15
378016;0.02522663078895414;0.0019698823649767173;6.38364245227614E-6
379000;0.029877321593584208;0.001994060345544137;1.0204159058473832E-6
380008;0.02412091620549211;0.0018595440994879382;6.518289354968181E-14
381016;0.021914110925114052;0.0019057611978325784;1.358179580240092E-7
382000;0.03495968602180786;0.0017372480721302645;3.453447223442236E-5
383008;0.028833736767120147;0.001844614280834736;6.566895835165539E-10
384016;0.030702440502116027;0.0018139365424005205;2.914630067620742E-16
385000;0.02861546994953261;0.001823366570976925;3.4262103502767747E-7
386008;0.026857809868726653;0.0017760043994306822;5.209382229203442E-9
387016;0.03408608256382164;0.001933365238357191;8.18659514944942E-11
388000;0.02970686027199435;0.002027502256508953;8.886994299003792E-7
389008;0.02858433259278845;0.0019127108579206735;4.035406780280499E-12
390016;0.03023140293641801;0.0018288325838242438;7.263245116122868E-8
391000;0.029735507454527816;0.0018139419082414733;3.0958316512783277E-10
392008;0.02378298858913572;0.0017968826983778853;2.7598793223795548E-11
393016;0.017571794492221196;0.001878035840541256;3.6221636334037423E-8
394000;0.03470504372006798;0.0018616282646888797;4.596797431348821E-13
395008;0.02888465870641512;0.001789756462774824;2.0913186511937073E-6
396016;0.02542809923265756;0.0016739587072251746;2.808588841175148E-7
397000;0.026347450388451658;0.0018740977504606408;5.106784363405564E-11
398008;0.02583418073329346;0.0018269523185771045;1.903303384228751E-6
399016;0.02643688949945106;0.001798469584047372;1.2265878078613158E-18
400000;0.024536705364798392;0.0018209534969748594;1.4103614107509796E-17
401008;0.029011781306992415;0.0018578901062702555;1.7883858668093587E-5
402016;0.026453629213582606;0.0018204740586110302;8.13394385202981E-18
403000;0.024443192156830874;0.001821624332214223;4.430546861819641E-11
404008;0.02694489474640932;0.0017463050728181479;2.0873118657104448E-10
405016;0.02855706513748263;0.001820081757032393;1.2212795496566377E-19
406000;0.025045341721239695;0.0017410964498909586;3.327807911139994E-13
407008;0.02966934123998224;0.0018663593449221739;2.7641026273809165E-6
408016;0.02175342880849517;0.0017547229841118424;2.153250890856132E-20
409000;0.023327899539629434;0.0017498579032539235;6.811460148203906E-10
410008;0.023972682461317976;0.0017687056814838303;6.392346291734672E-20
411016;0.02231617037064176;0.0017402551001993948;1.0923306207364936E-12
412000;0.031633399609849906;0.0017581832021115857;6.83620384001473E-22
413008;0.028421199492606273;0.0018612896015062076;4.221901155252113E-20
414016;0.027999602134547906;0.0018471019675193622;1.8959957755460232E-20
415000;0.02955582650932047;0.0017633010157602196;4.246702702877715E-11
416008;0.02910092273515422;0.0017755116136825583;3.2303228372488495E-20
417016;0.03330290869431313;0.0018184404782700155;6.089604895449501E-20
418000;0.027661880854958455;0.0019282480107868942;3.256465354075969E-11
419008;0.029098637914659133;0.0020266256792936268;3.0927840064718414E-20
420016;0.020956891786577028;0.002016157506447995;3.926938470091028E-13
421000;0.023950187349565485;0.0018993956040017851;9.08573523157875E-21
422008;0.024691598000740334;0.0019049467033977066;2.2857520196002474E-19
423016;0.031454933460543885;0.00206821575275021;2.3391846566308443E-8
424000;0.027912217481153714;0.0019158246727665668;6.470929468209439E-13
425008;0.03297801008939661;0.0019224073011246763;9.032847610020678E-13
426016;0.02891139428562525;0.0019052510973450077;8.759840895145492E-8
427000;0.02540706859916678;0.0019379709258136404;1.8035568448026204E-8
428008;0.0237821080330563;0.0017983594900038283;4.45954036198395E-18
429016;0.03285897977309594;0.001890184329485124;5.078362492522305E-10
430000;0.03336930846496252;0.001927835290983459;2.4811077687909025E-12
431008;0.026525690739474885;0.0018547626607381756;2.0768237739192586E-7
432016;0.028566523179172385;0.0017127202386342788;3.510456615522909E-17
433000;0.035382613743921015;0.001826188853725516;1.47594360612911E-12
434008;0.028539646727890954;0.0017210136876698243;1.5112975969870452E-17
435016;0.023863821490247634;0.0017797076009308176;3.409002970004022E-9
436000;0.025729812599139642;0.0018093636160018164;8.755472019621203E-13
437008;0.024635426552811025;0.0017844270055127718;6.53123482700144E-9
438016;0.024891883750892393;0.0018348153357879812;5.888255988843759E-17
439000;0.02892663196973518;0.0017883133083193303;3.4189000233396956E-17
440008;0.024285031318124442;0.0017944471448744542;4.382167605807933E-9
441016;0.02591219098791538;0.0017964058966129612;1.4267157305643272E-19
442000;0.02801908240048009;0.0018884519509629054;2.036789158477976E-18
443008;0.028132076531724816;0.001879788739733501;3.889064255347791E-13
444016;0.027649207585670556;0.0018294648286193618;1.5744387985042185E-8
445000;0.03302366634691709;0.0018073442283886843;1.008306359086701E-18
446008;0.0341818595986653;0.0019156576955380823;1.356312545033296E-18
447016;0.036954670749389094;0.0017655576019726816;3.2185538442230948E-18
448000;0.038775832596953684;0.0018043795506083296;2.4942911482590398E-12
449008;0.029722491861325327;0.001834374242244046;8.165294554974504E-7
450016;0.021719682857790128;0.0019041959494799465;1.5891305005071667E-19
451000;0.026021883729591935;0.001802161520791391;7.626786225508655E-19
452008;0.03739168445131291;0.0018274980596237743;3.227295074670133E-11
453016;0.024521410985702916;0.001852653901292209;2.4471908407058146E-19
454000;0.028825154328804194;0.0019186420436645513;1.1652467592596596E-13
455008;0.0331286811318691;0.001767312249386716;7.379131910582835E-12
456016;0.03167058707383808;0.001805541388248307;2.3796268918159567E-11
457000;0.03144388143465844;0.0018752954064812136;3.2988010450688136E-14
458008;0.035117234288469246;0.001780490334010836;3.975360803788702E-14
459016;0.024489990180626114;0.0017852588282967466;3.112840193606079E-19
460000;0.03298029539764286;0.0017790591051663272;1.7776329315284019E-6
461008;0.029522059562669643;0.0019299832763114706;5.912152547011836E-13
462016;0.027543273407839068;0.001858404408771253;1.9149483792553546E-12
463000;0.028031288596904694;0.0018438345872379349;5.352813736959281E-13
464008;0.029205824080253642;0.001901578767907912;4.130450876425486E-17
465016;0.03315014967256437;0.001848338065112092;3.372082447956777E-14
466000;0.026394822300410785;0.0018399551430966538;2.0172896693465223E-17
467008;0.02573092344282582;0.001864560377802035;2.768501484084208E-18
468016;0.035916561240654496;0.0017938100259928273;6.654675244527818E-13
469000;0.02651377269456516;0.0018038400526248191;1.942346219463124E-6
470008;0.033041918281637835;0.001905668804768325;8.135287505212722E-17
471016;0.028466211131213056;0.0019246221574665966;2.6491039725631795E-13
472000;0.030455345868482222;0.0018501466491485318;2.1249237849927688E-13
473008;0.026810457001353226;0.0018002790368987166;3.690558819629205E-14
474016;0.03458441082914953;0.0017919967955627007;3.578230087803401E-14
475000;0.031698708037232286;0.0018182599324588504;1.3186005140715E-5
476008;0.03045784053697582;0.0018867963642600245;8.193728451753962E-16
477016;0.03415381780513804;0.001938382227634477;6.149804768247777E-9
478000;0.03359781406189987;0.0018091627391693928;1.9848601465365633E-19
479008;0.04429878491340332;0.0019441419407337545;6.502939722752037E-9
480016;0.032715000966387;0.0018637053137383695;5.272851524851569E-16
481000;0.030774436123134522;0.0018204979930902267;2.3527615637613328E-12
482008;0.034692860611596106;0.001843027280086395;2.0434962352440437E-16
483016;0.028111286179296882;0.0018117105876851944;1.7598409374804565E-16
484000;0.033180506979795785;0.0019013248170073648;1.8108285927600087E-12
485008;0.03783938090615406;0.0018971730922685128;4.529092895708968E-9
486016;0.034774382541956195;0.0019310368111653722;4.454363329041187E-15
487000;0.03477841935733125;0.002055814352722763;1.1046996943209435E-11
488008;0.03869546476277622;0.0019782159151723855;2.5490354304301022E-8
489016;0.04187455494805832;0.002044983361154606;1.1736844846331593E-9
490000;0.0328634921954289;0.001922041282222267;3.4140395367069398E-12
491008;0.03206985670058127;0.0019047269886887667;2.767546894220106E-18
492016;0.03176128424097044;0.0019144484922609594;1.7107791916967492E-17
493000;0.046904167923225645;0.001916069040695069;5.127067514918202E-19
494008;0.033767067740064535;0.001978640577930099;2.7749647742986433E-17
495016;0.029237327665063182;0.0019445971721345208;6.30666167926183E-10
496000;0.029641990089227813;0.001829019786422678;2.0159672973432437E-10
497008;0.028349983386268058;0.00185206131613531;2.6579649577374947E-9
498016;0.03120311207484677;0.0018447431371857734;6.049826320318979E-10
499000;0.037158722895576174;0.0019488202879979991;3.1682966964759014E-14
500008;0.03751026329572748;0.0018456617051881476;1.8948280886452203E-7
501016;0.03544671669227329;0.001759443650319469;2.2040927952796606E-10
502000;0.032388575457384744;0.0019329215137216754;4.23169583541243E-7
503008;0.03138915711646848;0.0018305968732104125;7.855784432206244E-10
504016;0.03346551883128073;0.0018718086263338721;1.731326505913473E-15
505000;0.024888369024629795;0.001829583946723617;1.347602666204792E-15
506008;0.03181699361558967;0.0018122824636052407;2.265297556751069E-18
507016;0.04137599680402808;0.001851761575255929;4.990406168060957E-7
508000;0.041943811238539505;0.0017660609588514785;2.919521856584502E-10
509008;0.04484717568662523;0.0018059673208381192;1.7347270858937777E-6
510016;0.024765215504266518;0.0018677443023235375;8.910479938909945E-17
511000;0.03849859073325015;0.0017340795467248268;2.734674450833596E-10
512008;0.03105037091417499;0.001751930833076229;3.4185918514845504E-16
513016;0.02997143732281411;0.0017585046342550232;1.1059847424847793E-5
514000;0.03993996937407142;0.0017595486576072448;2.314761013894105E-5
515008;0.03247808572100653;0.00178942729942443;2.839358976981963E-16
516016;0.026480989832144728;0.0018608932360271273;8.748732687275541E-6
517000;0.042716497669966776;0.0017457133020966614;7.146510348047464E-19
518008;0.035869104269687424;0.0017596988499030944;1.1817080021876E-11
519016;0.03458776392360806;0.0018660295790272046;2.4089449076986547E-17
520000;0.041011601618901855;0.001916696261122556;1.8806521138101579E-6
521008;0.041011601618901855;0.0019384581975016436;1.8806521138101579E-6
522016;0.052899775128213936;0.0018769605441830357;1.5802919237074275E-8
523000;0.0341210558905981;0.001875961288498322;7.798804414583754E-5
524008;0.03849610519900987;0.0017556640394010396;6.466413337112253E-6
525016;0.04252599665566802;0.001710856501136453;1.4463508802680136E-17
526000;0.043107169890208484;0.0017268433403598083;7.910406988227978E-5
527008;0.04586137395088391;0.0017319848239925734;2.1754531347947147E-7
528016;0.026649956920474355;0.0017034827610722654;2.454156419697073E-7
529000;0.029926253361307047;0.001644494405011096;2.7320882322041847E-16
530008;0.037197429007065;0.0015956647236853355;4.1075272635694064E-6
531016;0.037978458638717266;0.0015934089422042087;4.827360550593886E-6
532000;0.032251680454679334;0.0016359342612357283;9.726453281453882E-6
533008;0.029031937590426847;0.001626925475949303;2.577597160747933E-16
534016;0.05192398560261723;0.0016443779248078974;6.797994349568427E-8
535000;0.034173285239611904;0.001644717012934315;1.1472918490731678E-5
536008;0.04139275866826489;0.0016353986818680938;1.0402684767750828E-6
537016;0.041832949459849895;0.0016320590494318878;1.3451888574211081E-6
538000;0.05750323071486701;0.0015933388405739617;2.9436077581027574E-16
539008;0.04865348101477801;0.0016920380500762189;2.8409287813280827E-16
540016;0.03277139305696708;0.0015932706830102306;6.439136699669237E-8
541000;0.04038081247832079;0.001732275316424282;4.756969811333088E-7
542008;0.039228086725313326;0.00157338394033979;1.04479724158946E-7
543016;0.029345383384666097;0.0016138731912418425;4.319012254423702E-7
544000;0.033323167747119034;0.0016185976445094446;2.2411261030425773E-17
545008;0.04893553070758714;0.0015945746393411266;8.859609648211924E-7
546016;0.05004040080467778;0.0015543324815098679;1.1838863944998219E-6
547000;0.03375333629160922;0.001605852684447975;3.674072609167024E-6
548008;0.035172167196076416;0.00160819789457322;8.891259768344448E-5
549016;0.03137144159208862;0.0016280481444517414;7.233045452973529E-9
550000;0.047563867382308785;0.0015221943527999233;8.986505656772441E-8
551008;0.03155285389417889;0.0015231610419081374;2.757719303911563E-6
552016;0.042574680242921714;0.0015344820318256265;2.2333176182956193E-19
553000;0.038572041947874565;0.0016380590649039694;5.427088711026819E-7
554008;0.03806973200733354;0.0015879004206722541;8.024629435114011E-8
555016;0.03528168192106539;0.0015647204372193579;2.0463271241351576E-7
556000;0.03912657445941827;0.0015899106543115398;3.60139176974142E-8
557008;0.03217254299535902;0.0014880603475074137;3.4145970260249884E-7
558016;0.043025004890865054;0.0015767931315522374;3.3416777386383905E-8
559000;0.03456127325846929;0.0016531795407281958;2.913909199491094E-8
560008;0.04096906964203917;0.0015004076280984906;4.20403472749305E-5
561016;0.033421977040294315;0.0015775386893674222;3.0813962684392284E-6
562000;0.06338370388021297;0.001564354390929975;1.0792207422566415E-17
563008;0.03882557164299687;0.0015632691223343457;1.5830677709186724E-4
564016;0.039941312252061434;0.0015113280122279233;2.5155970916560367E-8
565000;0.03138590406183335;0.0016219025167644415;3.0844108626696374E-8
566008;0.028255324183950565;0.0015463821533616652;3.954118718467126E-5
567016;0.03411663010089382;0.0015525926670701554;4.414826801198216E-9
568000;0.030011459884499835;0.0015529106622700153;3.211312703039967E-20
569008;0.03321017862277149;0.001557803574600998;2.902068064062691E-10
570016;0.040251720065119956;0.0015586454387277239;4.237147820939788E-5
571000;0.03358725271940608;0.0015656504826046433;5.013023162047731E-5
572008;0.03925691227145336;0.0015812650653145492;2.29700730664884E-8
573016;0.02941262256073798;0.0015089698068796375;1.6139411219490844E-9
574000;0.058024429509595236;0.0015479383983468945;2.692689838606055E-4
575008;0.03460251217358048;0.0015393326971133256;2.3072014585334024E-5
576016;0.04753809815387307;0.0015911775133177616;2.55153400660222E-4
577000;0.03670651162628883;0.0016007287693023211;7.079591331169887E-8
578008;0.051946890055946646;0.0015877557965859883;2.354653767052254E-4
579016;0.04175168094558254;0.0015623390989217667;1.86047520132984E-8
580000;0.043790722225352095;0.0015413292731999405;1.9137358114709974E-9
581008;0.04671057146829452;0.0016050330871166705;4.970991006640052E-9
582016;0.04141484513444656;0.0015655230270942753;3.167350012996449E-10
583000;0.0728054188459816;0.001560376321413402;1.5852383466898694E-6
584008;0.04472566526046206;0.0014843536953843997;3.4156876867079333E-10
585016;0.036128442265129915;0.001526193456497721;5.2250781972984546E-21
586000;0.05394464223240585;0.0017423819420648468;4.571442204757173E-10
587008;0.035290853823811176;0.0015833950360149983;3.7330690882121994E-7
588016;0.04226532756558728;0.001582449354633396;2.784195172844698E-7
589000;0.06673806933781236;0.001536866078841167;5.457022077667309E-22
590008;0.042519348457853746;0.0015020996907545926;6.768669435343389E-22
591016;0.035122578932304825;0.001539292013103476;1.1352969643257746E-21
592000;0.041968775156319034;0.001635306131686657;7.870073654639973E-22
593008;0.04397094450192846;0.0015060456805132366;5.261723658154827E-9
594016;0.04102061905590946;0.001500576302503591;6.554298856268316E-11
595000;0.03586897482841316;0.0015261934143312146;3.1575485245220975E-21
596008;0.03829227301963238;0.0015688311181238479;2.0504280770515355E-23
597016;0.04434911667396169;0.0015886991034704532;1.5262206276335484E-7
598000;0.039431593567180574;0.001564368788361455;2.0979321452400343E-5
599008;0.052442357537844916;0.0015449442380448665;7.84118601185109E-6
600016;0.044004696317485756;0.0015912543567042513;2.7964245925020364E-5
601000;0.047299984582082635;0.0015450364618710653;3.40217068877458E-6
602008;0.0513545981999428;0.001524605812289682;1.6126785915543865E-22
603016;0.035771715209124075;0.001498255333830814;1.259353743640801E-7
604000;0.05917124685044282;0.001466741847379452;1.1360267083483931E-4
605008;0.04066108313372207;0.0015954427461606026;6.733178409012E-8
606016;0.031309036221565154;0.0015080516163420927;2.4966738755001598E-5
607000;0.07080974713932195;0.0015843588662996957;1.9852207669389256E-5
608008;0.0323955807459461;0.0015112659490543196;4.53000115740664E-6
609016;0.040263317109331564;0.0015944582694670847;9.695562665855133E-8
610000;0.029600321881025987;0.0015686162473024332;4.90142517153897E-11
611008;0.043848302087669676;0.001554253517948133;7.114762157351027E-5
612016;0.06657512385243902;0.0015986628739997654;7.054296841157327E-5
613000;0.04443421859004839;0.0015642706700897703;1.475903904991607E-7
614008;0.030489320270404352;0.00151602978411502;7.952248779161128E-10
615016;0.05191352655950941;0.0015320754026645225;5.515465469761387E-7
616000;0.03396235201282968;0.0015364930042592064;7.982518293220072E-7
617008;0.03585787840314071;0.0015212406221259593;1.971006883136194E-9
618016;0.038995886497350404;0.0015446364525477966;2.5150002787553145E-10
619000;0.04859169114558656;0.0016533687360718457;9.326376467069179E-5
620008;0.04605510919086514;0.001564420469889329;1.2432606837980843E-22
621016;0.05806508248865639;0.0016036644131253543;5.145255764289818E-11
622000;0.042302548264595986;0.0015769121467428965;1.8652206008646076E-4
623008;0.03541764029595324;0.0015982608184724274;3.898206302806025E-8
624016;0.038235547704345306;0.0015865167878533948;1.3654154231317998E-5
625000;0.029822243838165525;0.001603777435597092;3.5585640535280314E-9
626008;0.0395278485609929;0.0015636864912667795;4.18698183536555E-21
627016;0.03976174977191715;0.0015394577513919677;2.095037268996119E-8
628000;0.03012948691592581;0.0015851144267540864;1.9340932116684393E-8
629008;0.04403849719482125;0.0015597507129398657;1.1087872441016111E-5
630016;0.04723322131838625;0.0015580875796952747;9.304711712245004E-21
631000;0.03663381455848414;0.0014827633746006539;9.754292954161897E-20
632008;0.03251869750664291;0.0014652069430555758;1.78321693094415E-11
633016;0.03930931120393333;0.001620242060945382;4.398186637727829E-6
634000;0.03446229404009444;0.001558564889707745;7.354006785440371E-7
635008;0.04273651596527461;0.0016097095341770723;1.2580658144880385E-4
636016;0.04428859733793457;0.0015884107645849942;1.5170599443784975E-6
637000;0.03947574871641844;0.0015949446328967108;1.2290812042806188E-10
638008;0.051170538688079914;0.0015859267270473786;8.942034127735256E-7
639016;0.04406205580215578;0.0015884417676310745;3.4554330388188905E-8
640000;0.03731452368827178;0.0014643648143173797;1.4771883674647805E-20
641008;0.040294084311067534;0.00156322480071444;2.7373875694462202E-21
642016;0.043493230437754285;0.0015841404567692664;9.421870823132666E-7
643000;0.04192221318984612;0.0016053990928851074;9.023614058964539E-21
644008;0.054586850767860504;0.0015683260880179576;2.5860340436898163E-14
645016;0.056541648444261905;0.0015724081027700624;3.3695492133257706E-16
646000;0.04223865460891789;0.0015633579431837145;3.4678227870284264E-8
647008;0.040554727405351515;0.0015355407518864489;2.889419885092727E-8
648016;0.0506622427779633;0.0015910801521118844;6.516461420890569E-7
649000;0.03328169504049789;0.001622541317451433;5.467921683312275E-13
650008;0.046392580280027934;0.0015377803898142682;2.4650009603628834E-7
651016;0.044878260432857565;0.0015977509848411568;1.8555307474522615E-20
652000;0.037378582971827556;0.0015967875665972428;1.619057325433073E-9
653008;0.040169458054144166;0.0015887507566181098;2.707727002862073E-9
654016;0.048938283002883734;0.001613954453555343;1.6882336116004547E-8
655000;0.03464489567257459;0.0015988545527830275;2.606138724778705E-20
656008;0.03960141126234194;0.0016055177738813196;1.1649897752323782E-19
657016;0.05021455698758691;0.001532423314589476;6.211569807419642E-17
658000;0.0460414105274454;0.0015522616780184004;1.4072728244018387E-19
659008;0.03167114935409678;0.00152610622700677;7.778401857289806E-8
660016;0.04935151785562379;0.0015257576759937573;3.4875703311433265E-19
661000;0.04987518757685487;0.0015452463040649643;3.762482541892062E-9
662008;0.03752854199713765;0.0015676220993568438;8.247012878227697E-9
663016;0.0469258006293438;0.0016369093893935742;5.413512103065567E-8
664000;0.034746411940766705;0.0015442988267425595;8.458386517627585E-20
665008;0.04490326589642209;0.0016119135261180777;9.695086803784146E-13
666016;0.0352312945202764;0.001606624088330446;5.360187262531499E-9
667000;0.047811402897750474;0.0015832392427564236;4.664210347164087E-21
668008;0.057930067835439095;0.0016097148945170548;1.91353423447608E-19
669016;0.04587345676572604;0.0015944717334457662;2.601772264287802E-21
670000;0.06335665110204927;0.0016526661943586185;3.4426436899762575E-20
671008;0.04413105149341895;0.0015998523236324571;5.518082909271237E-10
672016;0.06163701642757291;0.0016393698673382797;4.185996717227983E-21
673000;0.05449552520926478;0.0015811902269824124;8.683957551501437E-15
674008;0.04681035286798838;0.001624628942772695;2.1789948087659006E-9
675016;0.03787965363665125;0.0015666067488550397;5.496874223509898E-13
676000;0.04478194068178741;0.0016344366331348646;1.3758120594481698E-8
677008;0.037016107486589005;0.0015709582022963395;2.5120756603336822E-21
678016;0.05310918980294923;0.0016118934205874018;5.559932778508379E-10
679000;0.04106976686087713;0.0016131907659336301;9.615013080304966E-22
680008;0.0436418124459337;0.0016057924776741307;3.540526326383751E-10
681016;0.04215284084787119;0.0015506607035861927;3.730845114241963E-7
682000;0.036882225605982824;0.0015966861784867958;1.7750571111664717E-7
683008;0.04266404445959742;0.0016408364621871847;2.2866381891167318E-20
684016;0.035681489396306554;0.0015153782548820358;3.0130048973865888E-9
685000;0.052233401378701166;0.001645809748554216;1.3488717374197424E-9
686008;0.04390802063217198;0.0016068385067622285;4.03790378552472E-21
687016;0.04186014021372005;0.0016803670200253415;2.241210154849502E-15
688000;0.042312668000389665;0.001604318574140559;3.946141608615073E-15
689008;0.05165325141730631;0.0015345996871634663;2.3116416272072836E-8
690016;0.05158041515281587;0.0015565292518020793;2.141868136120262E-14
691000;0.04629111243733878;0.0015844048597685862;9.223567441772544E-14
692008;0.04851708943889438;0.0015968298791225923;7.969827479975896E-13
693016;0.04179349652186294;0.0015290417929908712;1.6184914072309426E-14
694000;0.05678515613030588;0.0015653220446798137;5.125016000474495E-13
695008;0.056120194149376725;0.0015483262225707301;1.583871824727929E-17
696016;0.056362863304702845;0.0015348729096396235;1.4514430444936953E-15
697000;0.04606264794312857;0.0015513670969269774;1.0806284707446798E-8
698008;0.036414194561265954;0.0015767933751277506;4.076028276149426E-21
699016;0.05561490091681731;0.001608860494706064;1.6853106887986449E-9
700000;0.031801317785730955;0.0015045990648270802;2.5767500961982863E-15
701008;0.05380154754449042;0.0015073967122965156;1.7335880334629195E-6
702016;0.04532589784331894;0.0015143241860795264;1.0540930016918813E-19
703000;0.03964523034676955;0.0015819275798517715;5.988793674903435E-14
704008;0.03488293975079502;0.0015620785181598325;6.593942481763758E-15
705016;0.05238977237012315;0.0015934223489612578;8.835536615595875E-16
706000;0.04724728999849452;0.001615003034848265;2.7497024693942876E-14
707008;0.04368433120621032;0.0015697135047450402;3.314615269566187E-15
708016;0.045885111839791645;0.0015903284238102712;9.57611084741323E-19
709000;0.03685126064048027;0.0015612232260514794;2.0358935660010335E-18
710008;0.03675692133978466;0.0015290518481448662;1.6335790246392197E-18
711016;0.02962023712142614;0.001528122157797078;9.354487862918387E-17
712000;0.04691675305012153;0.0015620155217089347;1.9788853875083554E-15
713008;0.054093761146873025;0.0015620883762848907;4.812537147711233E-9
714016;0.058815106902534796;0.0015685580217150543;4.653004551494606E-15
715000;0.04917269405854688;0.0014696743115800237;8.884133013089823E-15
716008;0.04194424088090518;0.0015400426963697177;1.6429850930658164E-13
717016;0.0351876696946856;0.0015408522380324318;1.24918809896431E-13
718000;0.04378094788236487;0.0015541826438534945;1.518910575748478E-13
719008;0.03379211244707357;0.0015421394562120602;3.4316957452101095E-18
720016;0.041779001641421135;0.001516730640239617;1.4332513367722783E-18
721000;0.06351827043262231;0.0015049268900694393;3.784803963463606E-9
722008;0.058359630577292196;0.0015854657331652343;9.374903353883804E-9
723016;0.06251603512269484;0.0015118625560337272;3.0826935363722616E-19
724000;0.056653494328525095;0.0015409828732751282;1.9981542503951588E-14
725008;0.04789265730716698;0.0015478551202965562;1.1726509838632682E-8
726016;0.054343316915374466;0.0015239797058913302;1.9984036345140056E-14
727000;0.0539206807718334;0.0015581560574844584;3.5021820996342937E-13
728008;0.05450761277699208;0.0015557307987387392;3.6823939616485213E-16
729016;0.04212033315721183;0.0015363698091969895;1.5894343320890413E-12
730000;0.045764137850288614;0.0015731120697829314;4.702049432812052E-18
731008;0.06052545152134567;0.0015147532219447954;1.4089841339797636E-6
732016;0.043566086501215205;0.0015701997687422263;3.064994385858596E-7
733000;0.03880033142808821;0.0015480888788687189;3.6389676156567836E-9
734008;0.04127500979393648;0.0015658962759618452;8.373732623302295E-21
735016;0.05956202299733516;0.001590041170181168;8.744747689967967E-10
736000;0.037780395563205484;0.0016204220954042635;3.081339526213855E-8
737008;0.05054185072006023;0.00158941038433058;4.300255630087345E-9
738016;0.04813670340707614;0.0015967314704328484;8.602487060038689E-17
739000;0.056222612693920905;0.001570987626394189;4.4984551163247225E-14
740008;0.05011731330174821;0.001539537982204323;1.0065773139301452E-10
741016;0.060848238360058676;0.0015277184361420176;4.227347358436493E-10
742000;0.046832414357466046;0.0015388736307354164;2.2990896952445553E-9
743008;0.04016061964925503;0.001559051075190936;1.5902190304306775E-19
744016;0.06399340609636466;0.0015375885340998283;1.6971374294312305E-18
745000;0.05666557701678631;0.0015616279918088853;3.263446300992694E-10
746008;0.05834711626104781;0.001531715988353638;5.810808176231846E-15
747016;0.04229502905798256;0.0015674561959792383;9.94726529556495E-10
748000;0.04503627868278273;0.0015302266135863636;2.8126095995561792E-15
749008;0.04607647429601705;0.0015296223585175084;1.1737839158085858E-21
750016;0.03537209859430818;0.0014982096241062176;3.750794065512861E-22
751000;0.04982393420397796;0.0014886031138682857;2.5158690347502078E-15
752008;0.03874032889481578;0.001590486745094846;1.1078728479822236E-17
753016;0.04415040500887669;0.0015336609694260042;3.831029125973936E-17
754000;0.040585674296567634;0.0015431038507986343;8.971745133141635E-18
755008;0.0377588301097235;0.0014140021699372803;9.05582823855255E-19
756016;0.04374420193706006;0.0014346723195110165;1.41922336949123E-9
757000;0.05310732271038513;0.0014406381169224205;1.797833801921272E-14
758008;0.03793848428446297;0.0014218744940856748;6.612731270387987E-18
759016;0.03527090165163375;0.0014791380858198168;1.7230571992367759E-18
760000;0.040961899502629684;0.001435551214433089;1.0231291197557516E-13
761008;0.04790402669400393;0.0014897222354991028;4.3637159412486433E-13
762016;0.05882616859544673;0.0014341431106340806;1.3793305748408569E-9
763000;0.04022386875438461;0.0014596181410000079;1.5427358488090708E-10
764008;0.04376758165744921;0.0014190328061547586;3.9340807528909446E-24
765016;0.045233079993903115;0.0014805495275672838;1.3308909197955943E-9
766000;0.04128685064458889;0.0014147399256366911;2.586324769072079E-18
767008;0.04027726703186914;0.0014779472846297862;7.691625337908459E-20
768016;0.050037737547339825;0.0014367416748978768;1.5679342605781877E-22
769000;0.034959957096663614;0.0013857273788693042;2.944504353685025E-9
770008;0.05318515823778634;0.0014160000928878933;1.3838948548797625E-8
771016;0.03961086339028463;0.0014726232905340074;2.3901919448127886E-19
772000;0.06310576066798064;0.0014101975683661354;5.571386642296753E-9
773008;0.039245896957841093;0.0014371086783289343;1.0215297025620412E-24
774016;0.056136471085955375;0.0014429208974393272;7.798506131772069E-21
775000;0.03550974920833224;0.0014966556614791075;3.2761461945875605E-21
776008;0.04678173138719647;0.001474170229353565;2.9826439407972136E-9
777016;0.040310465976099163;0.0014338940685560395;1.5593019802396869E-21
778000;0.0354054986244454;0.001444450299362461;4.735090051583685E-20
779008;0.0566847758607697;0.001505400428156053;5.477955160954067E-10
780016;0.04024072513890743;0.0014588252301045038;1.2326730350270235E-20
781000;0.042021036060208225;0.0014854678617990135;1.190772592041472E-21
782008;0.04530140064139604;0.0015026872210600634;1.3201578641315775E-12
783016;0.038453039677814355;0.0015329124354413037;1.9297007763919175E-19
784000;0.04034895812077197;0.0015221145049822496;3.0434116920895385E-12
785008;0.036910939872109264;0.0015254363977581392;9.74275549996946E-22
786016;0.0400004848047813;0.0014677229973081777;1.5841179852630458E-11
787000;0.056871061627014025;0.001512763434945724;2.470981109270385E-21
788008;0.053923699399491;0.0014971614556830667;1.4587913712901363E-22
789016;0.051547549557340186;0.0015154908583043085;8.242340854043672E-21
790000;0.050448297545001304;0.0014664602264836165;1.1180457137951587E-11
791008;0.05717410674959925;0.0015260804965628611;5.1136657520215735E-11
792016;0.051421848751913114;0.001440672389158422;2.8170175999453737E-8
793000;0.043237219231076485;0.001429455915284838;1.725525924982209E-8
794008;0.060879914168044204;0.0014757098770572603;3.967173655638599E-11
795016;0.049978377382374234;0.0015091293061694126;1.5264903604358146E-7
796000;0.04190549510855434;0.0015637804756946782;1.3304218456391498E-19
797008;0.04872783362410487;0.0014785949763980219;4.1319642247850376E-19
798016;0.060994199248740534;0.0014548172348498782;1.4086035845299423E-7
799000;0.039432950921310786;0.0014641017730620757;1.3268623949379759E-11
800008;0.05297471686508242;0.001478881231649578;5.922100209836944E-20
801016;0.03730792876542234;0.0014550659168472012;1.358366968513177E-19
802000;0.04334929856344638;0.0014960218335623306;3.9005237409707955E-20
803008;0.03839885537116973;0.0014595546550877012;4.942082061518536E-10
804016;0.044790443074990846;0.0014619670758556833;2.1900863547728217E-22
805000;0.041071284564996875;0.0014701991829798795;8.351991957222893E-24
806008;0.04978698881931458;0.0014631094440248943;7.318401493605293E-23
807016;0.04640517057065503;0.0015080345324445263;7.376096520121727E-7
808000;0.05334010567198892;0.0015012299774195487;1.4195754736108637E-9
809008;0.046817871592755536;0.0015008144821627004;3.190246045790725E-23
810016;0.04038430667080387;0.0015568319915516353;7.136578161931041E-20
811000;0.045609632887448376;0.0015516871783058084;2.93322019575397E-19
812008;0.05045356465997988;0.001430269111753879;8.277934065978158E-19
813016;0.04558954617151262;0.0014772345891222282;8.533064156401342E-6
814000;0.04620121127885283;0.0014337247861920617;4.195257976697993E-21
815008;0.03752819811013715;0.0014826451984401535;2.6995414598737932E-11
816016;0.0454607014147205;0.0014546372926759657;1.7761972766687268E-7
817000;0.04018012061294932;0.0014686979281570579;9.04427698147472E-19
818008;0.05297773366355706;0.0014803902942393705;6.61157809666887E-21
819016;0.059586944399535005;0.0015184359196927005;1.6941679055286305E-5
820000;0.05249215802506823;0.0014566940736761556;1.6941679055286305E-5
821008;0.03887868554498682;0.0015187913710550964;2.1769990927548948E-7
822016;0.048999016243489874;0.0015007889759658917;1.5585918020593588E-7
823000;0.06465113667571454;0.0014337712664672217;1.060848532579534E-19
824008;0.03582074581685803;0.0014856586493651443;1.0340120092004566E-19
825016;0.03830344408614309;0.0014634761398202743;2.3368066545433836E-21
826000;0.04252557033330523;0.0014868379902488703;2.064489821197843E-7
827008;0.03666951445628949;0.0014664494329608218;8.690042938785569E-20
828016;0.04742733886671727;0.001524665487140178;4.686446525123847E-19
829000;0.044402028429124205;0.0015348616403024263;4.5465176902717464E-20
830008;0.0687910400748271;0.0015133539815015127;1.98130906731751E-8
831016;0.043227732879183654;0.0015388821207578563;1.0246954934015015E-19
832000;0.07182061661407484;0.001465103131070205;1.311574997025455E-7
833008;0.03900015814160531;0.0014325553342988259;2.0279710486114171E-13
834016;0.046821705056770684;0.001497114734635838;6.466449990770764E-8
835000;0.0463933510449244;0.0015158640538341292;5.932266162044514E-14
836008;0.06559045788483515;0.0015861184914026506;3.833096655655562E-8
837016;0.0546825523850286;0.0015964317338732412;4.0442453635715535E-12
838000;0.05916488258297408;0.001573432535595027;4.926845283093928E-12
839008;0.05177839834402107;0.0015258505555008934;7.990302418088817E-8
840016;0.0447541157149684;0.0015304524335919977;2.1091905982520233E-11
841000;0.04783717090003636;0.0015973653013554364;8.451301156288235E-8
842008;0.0626013303613989;0.0015591012908121311;1.273970790374965E-10
843016;0.058176249055507556;0.0016206999456653969;4.890143234150226E-20
844000;0.052019030210258416;0.0016488778056975761;7.635092319381652E-20
845008;0.05849106374914691;0.001569994957534442;2.5458956951305595E-20
846016;0.047662582317018656;0.0015776610604897455;4.56238040082463E-8
847000;0.04535821369427264;0.001550744660495166;6.446126835263093E-21
848008;0.03764511747938861;0.0015242581979699108;8.915254607539846E-20
849016;0.04480743095746012;0.0015474797005651166;2.521709873860932E-7
850000;0.05127309389617489;0.001616642174031066;4.381482664953724E-7
851008;0.058992914294145125;0.001564224821708261;1.0192745648296819E-7
852016;0.055439780905379904;0.0015188322025579872;8.766852552366504E-9
853000;0.044009019401695215;0.0015661791186196777;2.5325635882122857E-7
854008;0.049676693944585126;0.0015536507772002362;4.9000436509744605E-20
855016;0.04489521127970497;0.0015537337425144467;1.3021004204912025E-19
856000;0.048474718584069175;0.0015379325443702976;5.240923024221003E-7
857008;0.05710666603482299;0.001543742042585488;4.403673729078503E-10
858016;0.0687750774283244;0.0015437629708639877;1.3677286147264487E-19
859000;0.04414721422505652;0.00160688815270178;1.1288328003137275E-20
860008;0.044663239394734114;0.0016464953155596992;2.3499996265555725E-8
861016;0.038841388842221325;0.0015345606712267091;8.655933609905505E-21
862000;0.04377984649560302;0.0015721879208129021;7.526534629066154E-8
863008;0.046865790774467744;0.0015349419704586273;6.363391601177512E-10
864016;0.05801197332891427;0.0016056471523753686;3.5297885700633455E-7
865000;0.0443292663844993;0.001535440438664651;2.5163813656829644E-7
866008;0.04449039386805709;0.0015795024723822626;3.4198838087911743E-6
867016;0.03374813795509922;0.001504454217466898;9.174266102172783E-10
868000;0.03756449049247448;0.0016219542900353413;6.427088799293815E-8
869008;0.03965345979053272;0.0015680844193186655;5.7210036415725E-8
870016;0.04872733039665894;0.0014944111028342456;8.167495778822435E-8
871000;0.04182464182241638;0.0015125517592822438;4.0999410135425885E-8
872008;0.045559732938754045;0.0015833912542132815;4.987511465482837E-19
873016;0.052293452060685516;0.0015693407272261853;3.172186204401861E-8
874000;0.053175204425075666;0.0015224645087023648;7.823946667087786E-9
875008;0.04325502942624377;0.001545420217920758;1.101456843649636E-19
876016;0.042901055832602564;0.001501678770143511;1.633249582222805E-19
877000;0.03884375272144716;0.0014527524677953423;1.5752463655690473E-9
878008;0.036629885847158754;0.0015216745075925828;1.2530235919566881E-21
879016;0.051478531833883304;0.0014952060690075861;9.495947702676633E-9
880000;0.04950102388990115;0.0015121820284863406;1.2461388192938978E-20
881008;0.04899315540814825;0.001450112611297581;1.737404845625834E-7
882016;0.06146597292262934;0.0014797221367194957;7.25780564956847E-10
883000;0.04460458490637011;0.0014435912112749428;1.3385556186301661E-8
884008;0.05354234211921298;0.0014959637092118465;1.0644167758913724E-8
885016;0.052837858143755516;0.0015044463866814913;1.0967753286222526E-9
886000;0.04508915396496649;0.0015370835771886346;7.034529418852299E-8
887008;0.04965856566413227;0.0014665898375157854;4.048032358034768E-9
888016;0.05352874853904595;0.0015315617195064582;8.575124534674613E-10
889000;0.03915285297965264;0.001485787993955849;3.717857748113469E-9
890008;0.04620520431945252;0.0015087365298917315;1.5078863143379952E-21
891016;0.04930207271755143;0.0015358039680415203;2.905518612428034E-6
892000;0.046819792511901284;0.0015510285122231013;2.9966146058814936E-8
893008;0.04922186059115418;0.0015093480892827919;1.2378934141023485E-5
894016;0.04311368669848302;0.0015204996477899506;3.579295336564241E-6
895000;0.050962090257160204;0.0014945140299100455;6.608185188015995E-18
896008;0.04462513757042073;0.0014966786632512762;7.499085486937153E-8
897016;0.05281720106761105;0.0014672998808743008;5.415100943566222E-6
898000;0.043155072512789355;0.001480801697529036;2.2805598535473723E-5
899008;0.0534042245155994;0.0015030636615363856;1.968440918288171E-19
900016;0.040773785398600465;0.0014889398954851883;4.85170301321822E-19
901000;0.03549260478698011;0.0015057772938639666;5.325796052525816E-5
902008;0.04785738757562559;0.0014594109655745966;1.2428741418282996E-4
903016;0.06280121297862583;0.0015675503216732896;1.5198573383611137E-18
904000;0.05086914576913307;0.0015180864725602037;1.4617606218029824E-18
905008;0.03984439629616702;0.0015854739273315271;5.132311018568014E-5
906016;0.043197328348833955;0.0014520434592907342;4.456371530521561E-19
907000;0.04423248372727158;0.0015257709659845411;5.217295021804083E-8
908008;0.04916767445401583;0.0015090354942131495;1.5235599546811539E-9
909016;0.03766629383603399;0.0015151834292449614;1.8234334784779986E-8
910000;0.05107896255376456;0.0015054731528120183;8.276183640266732E-6
911008;0.03618339439926732;0.0015118017639728161;7.138632491718077E-19
912016;0.038472962682533474;0.0015311328873641589;5.0633610914456665E-5
913000;0.069253336063134;0.0015453660263868027;2.1781672430331223E-9
914008;0.03735421813898671;0.0015344118786501052;3.6811547550424387E-19
915016;0.043504700638323145;0.0015777194928343666;2.841522553809574E-10
916000;0.03567911069309197;0.0015122486633018847;6.880013844483121E-6
917008;0.03920781023838672;0.0015003310553782184;9.126968203019379E-20
918016;0.0493504638029112;0.0015084665840381418;2.475527082812035E-6
919000;0.04696893199100581;0.001483849942043003;1.4912661803467056E-10
920008;0.06715674065292185;0.0015334081009740334;1.446635149099311E-5
921016;0.040793729470924786;0.0015489416576438316;1.1443732284591115E-10
922000;0.051711562181187026;0.0015356990425486178;8.452236429570081E-11
923008;0.04774742752696043;0.001533136441419331;5.0295428217065145E-6
924016;0.048161440364017746;0.0015333026891223471;1.8655163056503932E-18
925000;0.057180503712221914;0.0015080248723169797;6.9885501622840205E-12
926008;0.04425543332041704;0.0015477890040534947;2.6236092691460517E-17
927016;0.05244515138874518;0.0014630842557296704;6.140211023524003E-18
928000;0.04607935435458063;0.001562607863464609;1.142509069356178E-6
929008;0.06727928316492161;0.0014713147215770171;1.618601435314619E-11
930016;0.05215432363041485;0.0015064055840240031;3.7525895207753455E-17
931000;0.03822111811760502;0.0014784858402669173;3.3446764692386834E-10
932008;0.03647241989142593;0.0015197618214790943;5.81576280135974E-18
933016;0.05294371911710145;0.001494225494798559;7.423795886210696E-11
934000;0.04844724152769005;0.0015532629275317698;1.3415182773231337E-18
935008;0.06311641016312644;0.0015681551637218548;6.056454174065E-12
936016;0.04565283155777272;0.0015534256341273828;1.2973623181329116E-17
937000;0.03613289953121589;0.0015297484731273785;5.787807636077807E-18
938008;0.05140271346741238;0.0015836463181901988;9.960446810659825E-8
939016;0.045438495604563485;0.0015766383102628297;1.3557531542059862E-18
940000;0.04971416358958861;0.0014365265728284258;4.30516533924258E-18
941008;0.05184556733640378;0.0014350742293691469;1.3101772381198532E-6
942016;0.049341968666217755;0.0014766518287809842;4.735164116382869E-10
943000;0.06685610515620401;0.0014933707166878158;1.9660833300349325E-6
944008;0.06799413571831613;0.001520736833289025;1.7950184609643257E-17
945016;0.05434561420637746;0.0014629168630446558;3.4613877273454147E-9
946000;0.05382100544248204;0.0014789034051926261;6.475502953341672E-6
947008;0.05294689402538178;0.0014671026473509709;1.3330390260565985E-10
948016;0.043165590127223964;0.0015284746360066316;5.632895113288966E-11
949000;0.04916951865872968;0.001487586357949985;3.603685216723225E-11
950008;0.043656266250465786;0.0014914726949241466;8.551487074373794E-6
951016;0.03871407111300176;0.0015006451105800025;4.379796994528676E-18
952000;0.04223834432615501;0.001402618754530178;4.5022111918470265E-6
953008;0.03373539882612718;0.001436379099226578;7.949954437027375E-6
954016;0.04097842586403645;0.0014385372423813326;2.5648362653501174E-6
955000;0.041778670596104205;0.0014287524401209234;5.559111608293024E-6
956008;0.05178372285679715;0.001493073126461981;6.992941705941029E-11
957016;0.04759046153377145;0.0015060870317636238;1.8072243310473997E-20
958000;0.04724692971174436;0.0014399376070831972;2.6873325360203832E-20
959008;0.05440553110011948;0.0014828010734304735;4.084749044301609E-17
960016;0.04685334248550329;0.0014394633942515318;1.7152940318789138E-4
961000;0.04813261155398109;0.001468356546746584;3.657022915225426E-11
962008;0.03743832870843099;0.0014590677803149633;4.0692161224385245E-5
963016;0.047576561147538554;0.0015082146685460427;2.5004524390323516E-6
964000;0.04231490428144432;0.001520815588678662;1.9451940483444118E-5
965008;0.04427385252202682;0.001533538129719924;1.3892918096584905E-11
966016;0.03510294448479243;0.001496207929334473;1.2728580900989543E-19
967000;0.054099193084937235;0.00156406652600679;2.940680956900798E-11
968008;0.05580493392526078;0.0014465020718602056;2.0134820578165518E-11
969016;0.04721771070195914;0.0014701319254063106;2.8103025155627676E-17
970000;0.043835289616814974;0.0014781650144416653;1.6131446574546691E-21
971008;0.037789024507425856;0.0014939246531605853;5.0852336729977075E-21
972016;0.044218644820459216;0.0015274931455985085;5.257815871906876E-12
973000;0.05383544521646905;0.0015197056679322083;6.690746234804413E-18
974008;0.05457479997717289;0.0014758155391160256;1.1283864197321523E-4
975016;0.0377301403988579;0.001474255192427247;7.014655045417665E-17
976000;0.049343627073137636;0.0015628793209321694;1.8305417854378641E-10
977008;0.06912563094233487;0.0014840398448471572;5.349791082070219E-17
978016;0.04894023391500278;0.0014952625485179696;2.3096051504192535E-21
979000;0.044683271527910295;0.0015290282918874636;3.902966254577554E-6
980008;0.041375537620065794;0.0015472173966406498;1.4726022144723093E-6
981016;0.0641012298942175;0.0015161681433729715;6.1965170918777575E-6
982000;0.040450882204723385;0.0015131540650767045;2.598301059939945E-15
983008;0.04159526424407517;0.001452680791995727;8.52008388320043E-11
984016;0.06024445633330256;0.0015455383186919562;1.023306270297212E-15
985000;0.047057450890319374;0.0015420828632177928;2.8570896277320655E-9
986008;0.03613287097607181;0.0015321688482885349;1.7845450755348564E-21
987016;0.05196212605060134;0.0014991224537026777;6.949795520050446E-6
988000;0.04388205568476373;0.0014274830278182139;1.1376624946116635E-16
989008;0.05066595994488498;0.0014931731414407174;9.255475890331873E-21
990016;0.035373273618679445;0.0014780131493855912;5.52660000641661E-11
991000;0.04458471929505825;0.0014820069561146312;7.912289722450296E-10
992008;0.046983701450174525;0.0014582079229900537;5.6569000071390805E-22
993016;0.04722279522564306;0.0014904208114255577;3.286430755707375E-22
994000;0.050658724763844365;0.0015079113696860093;2.0456442334434925E-22
995008;0.039954711289982674;0.0015087169624686649;9.263136738114688E-22
996016;0.03664193668702777;0.0014546275618239567;1.0259173911772249E-11
997000;0.03706213568593767;0.0014571750655238546;7.557919893638231E-6
998008;0.043128826880408616;0.0014648903902156985;6.405078088931344E-21
999016;0.05322479358580804;0.0014342093785907628;1.2255100233144078E-5
1000000;0.06226737503236358;0.0014243999271977069;2.274535236220162E-5
1000000;0.06226737503236358;0.0014243999271977069;2.274535236220162E-5
