islandN;epochSize;fitnessSharing;sigma;evaluationName;seed;MBF;stdBF;meanConv;stdConv
1;0;false;0.0;SchaffersEvaluation;16875;0.8746772175638109;1.0793303724666692;1200.0;400.0
2;10;false;0.0;SchaffersEvaluation;11217;0.7487079440632037;0.5976811404971901;1900.0;700.0
2;20;false;0.0;SchaffersEvaluation;20968;0.8206354035210731;0.9344177291928304;1700.0;900.0
2;30;false;0.0;SchaffersEvaluation;23041;0.465566513665966;0.5114277230525414;2300.0;2410.39415863879
2;40;false;0.0;SchaffersEvaluation;18458;1.4013778387807958;1.5438005649947655;2900.0;3753.664875824692
2;50;false;0.0;SchaffersEvaluation;8364;1.0636424233942052;1.4629667284090664;2000.0;1483.2396974191327
4;10;false;0.0;SchaffersEvaluation;8537;0.9015891920002842;0.9022088265215311;2500.0;2872.281323269014
4;20;false;0.0;SchaffersEvaluation;22908;1.2307874564461792;0.8528243504220221;2400.0;1743.5595774162693
4;30;false;0.0;SchaffersEvaluation;2108;0.6782800335302943;0.7568601735687341;6000.0;8111.719916269299
4;40;false;0.0;SchaffersEvaluation;27475;1.0886849303545154;0.8752187320845205;2400.0;1959.5917942265426
4;50;false;0.0;SchaffersEvaluation;14083;1.9547230981247143;1.7089020348549016;1600.0;663.32495807108
5;10;false;0.0;SchaffersEvaluation;28869;0.7157378233202382;0.5640499524808769;5700.0;5728.001396647875
5;20;false;0.0;SchaffersEvaluation;13007;1.0318293186914886;0.9321272850312718;2100.0;2022.3748416156684
1;0;false;0.0;SchaffersEvaluation;13601;0.23593021946188095;0.3070873676954678;1500.0;921.9544457292888
1;0;false;0.0;KatsuuraEvaluation;4868;0.3163194259105079;0.737011510349388;30200.0;26263.282353887145
2;10;false;0.0;SchaffersEvaluation;28286;1.0283975145294928;1.0489667613676967;1900.0;1220.6555615733703
2;10;false;0.0;KatsuuraEvaluation;9880;0.16533504220255807;0.34653957841854666;27600.0;32465.982196754805
2;20;false;0.0;SchaffersEvaluation;313;0.7242801559701736;0.8392544963211929;3000.0;2449.489742783178
2;20;false;0.0;KatsuuraEvaluation;22960;0.27276683555258635;0.32437842518608795;13900.0;15858.436240689054
2;30;false;0.0;SchaffersEvaluation;16458;1.2888868162812859;1.5067386107578213;2400.0;1113.5528725660045
2;30;false;0.0;KatsuuraEvaluation;21572;0.2141207250144883;0.3887334938088188;31000.0;29407.482041140483
2;40;false;0.0;SchaffersEvaluation;7396;0.5943565579629189;1.0603322323506805;2300.0;1734.9351572897472
2;40;false;0.0;KatsuuraEvaluation;21443;0.09145447078850366;0.12203455177386044;14600.0;13169.662106523463
2;50;false;0.0;SchaffersEvaluation;10278;0.6747739178098442;0.6377780553485233;2800.0;1536.2291495737215
2;50;false;0.0;KatsuuraEvaluation;1235;0.3768866284731976;0.5876296258795051;20900.0;13322.537295875738
4;10;false;0.0;SchaffersEvaluation;13063;0.6739292942781626;0.5780354294783832;3600.0;4409.081537009721
4;10;false;0.0;KatsuuraEvaluation;12868;0.0340532222270336;0.03712820189042737;41400.0;28256.68062600418
4;20;false;0.0;SchaffersEvaluation;4860;1.3624480216905135;1.9257231071801657;2100.0;1044.030650891055
4;20;false;0.0;KatsuuraEvaluation;30926;0.18853420478715505;0.41216673882059607;30700.0;29010.515334960874
4;30;false;0.0;SchaffersEvaluation;16444;1.36466560902716;1.1386447948981486;1900.0;1135.7816691600547
4;30;false;0.0;KatsuuraEvaluation;6462;0.29382246651502075;0.6569767161807518;34600.0;32952.0864286315
4;40;false;0.0;SchaffersEvaluation;6447;0.9130499971179431;0.6673769946408578;5100.0;8154.140052758476
4;40;false;0.0;KatsuuraEvaluation;29654;0.43076438542191775;0.6195348841115753;21400.0;27071.01771267567
4;50;false;0.0;SchaffersEvaluation;709;0.9269304243175694;1.1643018466383812;1900.0;538.5164807134504
4;50;false;0.0;KatsuuraEvaluation;28715;0.21187641903513005;0.3093484715473015;40500.0;27097.047809678457
5;10;false;0.0;SchaffersEvaluation;9050;0.5187919653831574;0.8006394591541383;3600.0;5257.375771237967
5;10;false;0.0;KatsuuraEvaluation;23158;0.35305180072058084;0.6946665251321759;40800.0;26551.082840441744
5;20;false;0.0;SchaffersEvaluation;17015;1.019347272978955;0.8619407943228132;3100.0;3330.1651610693425
5;20;false;0.0;KatsuuraEvaluation;9189;0.8859073374876818;1.386492638769554;30000.0;32221.111091953364
5;30;false;0.0;SchaffersEvaluation;18276;1.546137618847687;1.5744174033967113;8400.0;17872.884490199114
5;30;false;0.0;KatsuuraEvaluation;8590;1.0410140372759769;1.9030919407072406;28700.0;27571.905991425403
5;40;false;0.0;SchaffersEvaluation;14391;0.7552826115128699;0.8722205805347245;1900.0;538.5164807134504
5;40;false;0.0;KatsuuraEvaluation;7255;0.15247548147198536;0.3909253822994602;47000.0;30347.981810987036
5;50;false;0.0;SchaffersEvaluation;2808;1.5181501079620559;0.9305246394422975;2100.0;300.0
5;50;false;0.0;KatsuuraEvaluation;19883;0.488595716489312;0.8606629172183052;32100.0;32506.768525954714
1;0;true;0.001;SchaffersEvaluation;26426;0.6187487618355136;0.40048578570728005;9100.0;19331.063085097
1;0;true;0.001;KatsuuraEvaluation;942;0.10173206919819633;0.19250402362899385;40100.0;22862.41457064411
1;0;true;0.003;SchaffersEvaluation;22666;0.8128273970341908;0.8886337045594617;15300.0;20808.892329963168
1;0;true;0.003;KatsuuraEvaluation;22727;0.9799547488009969;1.5293353740254185;48710.0;31222.378192572072
2;10;true;0.001;SchaffersEvaluation;5739;0.7886057092691597;0.4871083153340909;3700.0;4124.318125460256
2;10;true;0.001;KatsuuraEvaluation;15666;0.9141676092428439;1.1248054933784966;63400.0;24775.79463912308
2;10;true;0.003;SchaffersEvaluation;18486;1.0361542989044157;1.0725583665366567;5500.0;8452.810183601665
2;10;true;0.003;KatsuuraEvaluation;32318;0.46289352944356865;0.5982884822206125;51300.0;27720.20923441957
2;20;true;0.001;SchaffersEvaluation;29216;1.3302243464840742;1.2628269728983341;7200.0;9795.917517006767
2;20;true;0.001;KatsuuraEvaluation;17124;0.5210045780593169;0.8301714472984397;57100.0;34030.7214146277
2;20;true;0.003;SchaffersEvaluation;15897;0.4971693311755758;0.5342126627951201;10500.0;18704.27758562196
2;20;true;0.003;KatsuuraEvaluation;1436;0.8356277813644466;1.2689497037802715;48000.0;26925.824035672522
2;30;true;0.001;SchaffersEvaluation;1937;1.1888129121197863;1.7252043778851944;2600.0;2009.975124224178
2;30;true;0.001;KatsuuraEvaluation;27856;1.2944376568166314;1.143850320019743;51400.0;21859.551687992138
2;30;true;0.003;SchaffersEvaluation;16037;1.4852366115720899;1.1062870450532252;5400.0;8968.834929911465
2;30;true;0.003;KatsuuraEvaluation;16890;0.5457561457855347;0.8246425959906916;55300.0;27889.245238980562
2;40;true;0.001;SchaffersEvaluation;9187;1.410364116793627;1.5783260463898618;4000.0;5385.164807134504
2;40;true;0.001;KatsuuraEvaluation;9651;0.4305190005163091;0.7180530475204182;69700.0;25420.66088834041
2;40;true;0.003;SchaffersEvaluation;32247;0.5458390251474212;0.32865477810638105;12100.0;17523.98356538832
2;40;true;0.003;KatsuuraEvaluation;32777;0.3044652674821353;0.5089403697725026;47400.0;28674.72754883645
2;50;true;0.001;SchaffersEvaluation;10236;1.9779343710528778;1.729218630609484;8400.0;14907.71612286738
2;50;true;0.001;KatsuuraEvaluation;5927;0.5987962788857091;0.5956880185765544;47200.0;27161.737794183937
2;50;true;0.003;SchaffersEvaluation;6631;1.2401556437169554;1.0067360763791793;13400.0;24520.19575778301
2;50;true;0.003;KatsuuraEvaluation;122;1.268062392900803;1.4257635855767143;35010.0;28661.836996256887
4;10;true;0.001;SchaffersEvaluation;668;1.2480049305961578;1.7674900277516938;6200.0;13280.060240827223
4;10;true;0.001;KatsuuraEvaluation;27740;0.9842718982643636;0.9679894817777662;54700.0;28188.827574058487
4;10;true;0.003;SchaffersEvaluation;23795;1.2849866203868494;1.2684921719893643;5300.0;4001.2498047485115
4;10;true;0.003;KatsuuraEvaluation;22;0.4996544874604666;0.7493428702380116;51000.0;25546.036874630867
4;20;true;0.001;SchaffersEvaluation;26817;1.447350568762022;1.414995575719012;5200.0;5706.1370470748425
4;20;true;0.001;KatsuuraEvaluation;31093;1.1386200446486199;1.2566626783470107;52600.0;25211.901951261036
4;20;true;0.003;SchaffersEvaluation;14956;1.163176198166609;0.6160655547313076;1900.0;700.0
4;20;true;0.003;KatsuuraEvaluation;9151;0.7881874359196053;1.0757569200928558;35300.0;25246.980017419904
4;30;true;0.001;SchaffersEvaluation;20445;1.5362533195770767;1.9027051567003528;2300.0;640.3124237432849
4;30;true;0.001;KatsuuraEvaluation;12487;0.6434596624590407;1.1518970615476933;63800.0;28624.46506050375
4;30;true;0.003;SchaffersEvaluation;19647;1.3911086322301767;0.9834907161347333;4300.0;3100.0
4;30;true;0.003;KatsuuraEvaluation;6921;1.313082494275724;1.9015167206764219;63600.0;27441.574298862666
4;40;true;0.001;SchaffersEvaluation;21639;1.4647886165092985;1.14047188553444;5600.0;8558.037158133868
4;40;true;0.001;KatsuuraEvaluation;4592;0.905111835715528;1.4943260639108515;45900.0;26763.594676350935
4;40;true;0.003;SchaffersEvaluation;14190;1.5156448127898783;1.5513691683866537;4800.0;3789.4590642992835
4;40;true;0.003;KatsuuraEvaluation;3342;0.7589309475799432;1.3758336513415717;45800.0;31514.441134184817
4;50;true;0.001;SchaffersEvaluation;14623;1.8195410773015954;1.3770730241712208;5100.0;8104.936767180852
4;50;true;0.001;KatsuuraEvaluation;19576;0.155078631178487;0.24294795892014875;58400.0;29435.35289409658
4;50;true;0.003;SchaffersEvaluation;12199;1.022656926718807;0.6821800200728968;3300.0;1676.305461424021
4;50;true;0.003;KatsuuraEvaluation;9244;0.5867151959331827;0.767108563322446;61400.0;25334.56137374397
5;10;true;0.001;SchaffersEvaluation;24660;0.7736132154818313;1.0444425946939713;8800.0;12804.686642007293
5;10;true;0.001;KatsuuraEvaluation;7350;1.0277590723124832;1.6919916984636998;50200.0;24701.416963405158
5;10;true;0.003;SchaffersEvaluation;4999;1.1392434915146983;1.3040957010764904;5400.0;8101.8516402116375
5;10;true;0.003;KatsuuraEvaluation;1892;0.9545254565310628;1.7382844097529808;59500.0;27115.493725912496
5;20;true;0.001;SchaffersEvaluation;32724;1.379305172960205;1.2429924143233118;2300.0;1100.0
5;20;true;0.001;KatsuuraEvaluation;11536;0.656121738155765;0.6414273681518882;44300.0;24988.1972138848
5;20;true;0.003;SchaffersEvaluation;29544;1.2826723504138202;0.8996224389419515;3400.0;2059.1260281974
5;20;true;0.003;KatsuuraEvaluation;9544;1.0950363143565243;1.1637990006280927;43700.0;20499.02436702781
5;30;true;0.001;SchaffersEvaluation;25703;2.193456093521683;2.274673484136892;4500.0;2906.8883707497266
5;30;true;0.001;KatsuuraEvaluation;13246;1.7515473372524508;1.9578125932101162;42600.0;26526.213450094983
5;30;true;0.003;SchaffersEvaluation;28402;2.637194676050954;2.0132380560416174;2700.0;2451.5301344262525
5;30;true;0.003;KatsuuraEvaluation;30572;3.6539448748605863;1.6049877541922757;42300.0;18878.82411592417
5;40;true;0.001;SchaffersEvaluation;6427;1.3960180941618354;1.3001556939033145;2600.0;800.0
5;40;true;0.001;KatsuuraEvaluation;24178;0.37155725591228805;0.5662184925168697;48900.0;30329.688425699333
5;40;true;0.003;SchaffersEvaluation;24069;0.8035449138976422;0.48942620781556984;2500.0;1024.6950765959598
5;40;true;0.003;KatsuuraEvaluation;5303;0.8268663925915913;0.9952514760562367;52400.0;28636.34054833124
5;50;true;0.001;SchaffersEvaluation;17423;1.764060480659404;0.8012681783660509;2500.0;1118.033988749895
5;50;true;0.001;KatsuuraEvaluation;18480;1.7267831870497428;1.8720664459440308;38900.0;27976.59736279593
5;50;true;0.003;SchaffersEvaluation;10369;1.1279447499054973;1.0424288321096247;3100.0;1300.0
5;50;true;0.003;KatsuuraEvaluation;11295;1.420168015615247;1.7120715635264012;51100.0;29429.40706164499
1;0;false;0.0;SchaffersEvaluation;28846;0.8860320434453994;0.9020405176967811;1800.0;600.0
2;10;false;0.0;SchaffersEvaluation;30816;0.43195115283590846;0.35306818738261864;3100.0;5374.941860150675
2;20;false;0.0;SchaffersEvaluation;9856;1.2196481077982422;1.1705954664990048;2200.0;1939.0719429665317
2;30;false;0.0;SchaffersEvaluation;5218;1.3628715521360946;1.0511133043306748;1300.0;900.0
2;40;false;0.0;SchaffersEvaluation;6783;1.2686063576176814;1.6840681161312459;2400.0;1562.049935181331
2;50;false;0.0;SchaffersEvaluation;23066;0.5433905866348107;0.7306010027459258;1700.0;1004.987562112089
4;10;false;0.0;SchaffersEvaluation;31326;1.0889100811321832;1.1098458000234934;1600.0;489.89794855663564
4;20;false;0.0;SchaffersEvaluation;11657;1.0409670046686246;0.8533759064376467;1300.0;458.257569495584
4;30;false;0.0;SchaffersEvaluation;14699;1.4089127169764473;1.8922521124577714;2600.0;1280.6248474865697
4;40;false;0.0;SchaffersEvaluation;18648;1.3119733720938311;1.9607654807782982;2500.0;1962.1416870348583
4;50;false;0.0;SchaffersEvaluation;29702;1.8525095124403095;1.2379491938159266;2300.0;1100.0
5;10;false;0.0;SchaffersEvaluation;13194;1.1675435830816905;1.4493582973651737;5500.0;12839.392508993562
1;0;false;0.0;SchaffersEvaluation;4104;0.6450084230649378;0.31694694257821654;1500.0;921.9544457292888
1;0;false;0.0;KatsuuraEvaluation;4652;0.1621478001965179;0.18823664174682903;21000.0;21642.550681470057
2;10;false;0.0;SchaffersEvaluation;30436;0.41605307019987514;0.4952978211309721;2800.0;2088.06130178211
2;10;false;0.0;KatsuuraEvaluation;31683;0.8952839656047098;1.4457745731634348;30500.0;30358.689036254513
2;20;false;0.0;SchaffersEvaluation;5636;0.2804800160284827;0.20279112716448058;2300.0;2002.4984394500786
2;20;false;0.0;KatsuuraEvaluation;1450;0.22581515835504945;0.25991656231129084;36700.0;33766.99572067376
2;30;false;0.0;SchaffersEvaluation;13798;0.8060867998627259;0.7243371263894789;2000.0;1095.4451150103323
2;30;false;0.0;KatsuuraEvaluation;4719;0.03243106004481917;0.06751810495158372;41800.0;31886.67433270519
2;40;false;0.0;SchaffersEvaluation;28178;1.0452347467184402;1.1507779059448209;2700.0;2002.4984394500786
2;40;false;0.0;KatsuuraEvaluation;26981;0.5929368442214642;0.8012953883718351;31400.0;22253.988406575572
2;50;false;0.0;SchaffersEvaluation;74;0.9964041954286016;1.0990777877385707;1200.0;400.0
2;50;false;0.0;KatsuuraEvaluation;30266;0.27621262765349697;0.633442849547842;35500.0;25916.2111428349
4;10;false;0.0;SchaffersEvaluation;4308;1.3355710876447735;1.6016114156877268;2500.0;1565.2475842498527
4;10;false;0.0;KatsuuraEvaluation;22590;0.1801530180290796;0.16757726234662015;35300.0;30420.552263231515
4;20;false;0.0;SchaffersEvaluation;12328;0.6202567477222132;0.33503407481764713;2300.0;2282.5424421026655
4;20;false;0.0;KatsuuraEvaluation;5620;0.5143786924394398;1.0023730640878084;42300.0;24968.17974943308
4;30;false;0.0;SchaffersEvaluation;22859;0.6901818602588154;0.5680975058318699;1800.0;871.7797887081347
4;30;false;0.0;KatsuuraEvaluation;24700;0.45217991669981233;0.6163009374281883;22400.0;26150.334605889846
4;40;false;0.0;SchaffersEvaluation;18764;1.6991884463862388;2.270857966435835;3400.0;3878.1438859330633
4;40;false;0.0;KatsuuraEvaluation;15048;0.5750818151702705;0.6166670789859476;31700.0;34695.965183288965
4;50;false;0.0;SchaffersEvaluation;23120;1.0272783657736657;1.1797532179033432;2000.0;774.5966692414834
4;50;false;0.0;KatsuuraEvaluation;25824;0.39505050628134114;0.5527309324708469;32800.0;29775.157430314284
5;10;false;0.0;SchaffersEvaluation;20687;0.9177550388076394;1.0312371130694442;2500.0;1910.49731745428
5;10;false;0.0;KatsuuraEvaluation;24771;0.2528745171038279;0.33383910488193064;21800.0;23288.623832249083
5;20;false;0.0;SchaffersEvaluation;7071;0.5132438108539248;0.40764241363774184;2900.0;2736.7864366808017
5;20;false;0.0;KatsuuraEvaluation;434;0.2638933662180961;0.2884467245389535;30100.0;26515.844319953307
5;30;false;0.0;SchaffersEvaluation;14893;1.4288526138115993;1.3929550479473893;1700.0;1004.987562112089
5;30;false;0.0;KatsuuraEvaluation;32499;0.11610540881519829;0.19030719219486325;45400.0;33148.7556327534
5;40;false;0.0;SchaffersEvaluation;19032;1.1045144553866162;0.7934691460358636;6600.0;8260.750571225353
5;40;false;0.0;KatsuuraEvaluation;30568;0.43409978251188275;0.5707733986927155;32300.0;31849.8037670564
5;50;false;0.0;SchaffersEvaluation;16740;1.7011440044941455;0.750085243559811;2300.0;640.3124237432849
5;50;false;0.0;KatsuuraEvaluation;7124;0.31660671232326904;0.5628315634103734;30900.0;30804.058174208152
1;0;true;0.01;SchaffersEvaluation;31383;1.110606673922315;1.508149311284464;18500.0;25923.927171630457
1;0;true;0.01;KatsuuraEvaluation;26069;0.019305348114218596;0.028647147513059707;24800.0;28895.67441677041
1;0;true;0.03;SchaffersEvaluation;12774;1.5264987370619516;1.759816562517582;23500.0;22677.080940897133
1;0;true;0.03;KatsuuraEvaluation;30926;0.00645738594447134;0.004628049308302425;36300.0;28071.51581229628
2;10;true;0.01;SchaffersEvaluation;7713;0.908338927749516;1.14193515387224;3100.0;3080.5843601498727
2;10;true;0.01;KatsuuraEvaluation;9575;0.20726529651165757;0.6140414135617497;40400.0;33401.197583320274
2;10;true;0.03;SchaffersEvaluation;4056;0.3672337708872691;0.34734515548277994;10100.0;12193.850909372313
2;10;true;0.03;KatsuuraEvaluation;18964;0.007626741274731225;0.009974308894991476;22000.0;27669.47776883402
2;20;true;0.01;SchaffersEvaluation;4064;0.8658643546329123;1.2046990069253205;9900.0;12070.211265756701
2;20;true;0.01;KatsuuraEvaluation;24608;0.12583608915994343;0.19139566067904087;26700.0;29319.106398388067
2;20;true;0.03;SchaffersEvaluation;30989;2.9045978982995306;2.180823765982785;8200.0;4621.688003316537
2;20;true;0.03;KatsuuraEvaluation;25112;0.004097981938970922;0.006750650021226389;25800.0;31105.62650068312
2;30;true;0.01;SchaffersEvaluation;2703;1.1015771422781677;0.888680128807179;8200.0;13724.430771438208
2;30;true;0.01;KatsuuraEvaluation;12719;0.15145740894577867;0.18515790579451663;27600.0;22433.011389467978
2;30;true;0.03;SchaffersEvaluation;13739;1.23872881865761;1.5594575907772368;13100.0;16735.889578985636
2;30;true;0.03;KatsuuraEvaluation;4912;0.005099094134217168;0.004095202754746005;31100.0;31319.163462646953
2;40;true;0.01;SchaffersEvaluation;27492;0.8199763795565518;0.9603690442576046;8500.0;9739.09646733207
2;40;true;0.01;KatsuuraEvaluation;7741;0.17961102813171087;0.27660310960702555;23100.0;21533.46233191495
2;40;true;0.03;SchaffersEvaluation;7582;1.2300523024363381;0.9650178989104592;12400.0;13690.872872099864
2;40;true;0.03;KatsuuraEvaluation;29463;0.01900728224290051;0.02316390411422464;33800.0;39303.43496438956
2;50;true;0.01;SchaffersEvaluation;16297;1.3881008039364757;0.9314184666229808;22300.0;37008.24232519021
2;50;true;0.01;KatsuuraEvaluation;29231;0.48308049152626975;0.923234810342315;26800.0;23124.878378058555
2;50;true;0.03;SchaffersEvaluation;18404;1.347023921753446;1.3648328437469919;29100.0;26394.885868288955
2;50;true;0.03;KatsuuraEvaluation;27283;0.004677854631190045;0.005986339181233528;28910.0;26124.947846837895
4;10;true;0.01;SchaffersEvaluation;22247;0.9424841495853249;0.7147993477282;3200.0;2357.9652245103193
4;10;true;0.01;KatsuuraEvaluation;29619;0.17983179404474903;0.5042611789695426;39600.0;25892.856157635448
4;10;true;0.03;SchaffersEvaluation;1618;1.457458291356539;1.0641683810252058;18700.0;18735.260873550706
4;10;true;0.03;KatsuuraEvaluation;297;0.03607297472251673;0.046915591175339826;29100.0;29327.2910443498
4;20;true;0.01;SchaffersEvaluation;14854;1.4432250564784233;1.283590361279558;9900.0;19475.369059404242
4;20;true;0.01;KatsuuraEvaluation;29548;0.6854754631859211;1.421928915570251;42100.0;29874.571126628747
4;20;true;0.03;SchaffersEvaluation;16386;1.5087212742299638;1.870317692705045;10400.0;9520.504188329523
4;20;true;0.03;KatsuuraEvaluation;25741;0.022857457751817346;0.028906315837249574;44300.0;33805.47292968995
4;30;true;0.01;SchaffersEvaluation;32570;1.62554505571821;1.7207608095536946;3800.0;2856.57137141714
4;30;true;0.01;KatsuuraEvaluation;13754;0.30285953136639543;0.5061405755854517;47900.0;31674.753353420132
4;30;true;0.03;SchaffersEvaluation;30622;2.848950819483012;1.8711921643274751;14600.0;15383.107618423528
4;30;true;0.03;KatsuuraEvaluation;21120;0.028323102582025066;0.038838540437785354;42200.0;36245.827346054604
4;40;true;0.01;SchaffersEvaluation;23157;2.351937419450562;2.168162143324234;4300.0;1951.9221295943134
4;40;true;0.01;KatsuuraEvaluation;16597;0.9859721772586175;1.7098824887825992;52700.0;25857.49407811979
4;40;true;0.03;SchaffersEvaluation;18188;2.0682405549607283;1.6647979842283689;6400.0;5730.619512757761
4;40;true;0.03;KatsuuraEvaluation;25011;0.020824635495046834;0.03027795345943657;33600.0;37229.558149405966
4;50;true;0.01;SchaffersEvaluation;19935;1.8923416371644968;1.7758642907761846;3500.0;1627.8820596099706
4;50;true;0.01;KatsuuraEvaluation;4995;1.148316230415907;2.1678774395222855;58900.0;28546.278216257895
4;50;true;0.03;SchaffersEvaluation;28160;2.2408056486535313;2.048583330120772;17600.0;22553.04857441672
4;50;true;0.03;KatsuuraEvaluation;14598;0.0368079319944888;0.052739658867646234;20900.0;21874.414277872675
5;10;true;0.01;SchaffersEvaluation;28602;1.7398150710005567;1.3978295766972682;4100.0;4548.626166217664
5;10;true;0.01;KatsuuraEvaluation;14159;1.1977528919520135;1.8014971229708747;41000.0;33334.666640001065
5;10;true;0.03;SchaffersEvaluation;7657;1.15311126324005;1.5225330749580819;5200.0;4686.149805543992
5;10;true;0.03;KatsuuraEvaluation;17637;0.014013653083584616;0.01216396449633534;29000.0;32908.96534380867
5;20;true;0.01;SchaffersEvaluation;15103;1.5131294326677;1.2650370027153168;3800.0;2039.607805437114
5;20;true;0.01;KatsuuraEvaluation;21600;0.5405176228956714;0.6932327191681001;38400.0;27266.096163550807
5;20;true;0.03;SchaffersEvaluation;21996;2.681257056216956;2.5079776783599583;14900.0;12856.515857727552
5;20;true;0.03;KatsuuraEvaluation;10466;0.06988415487794153;0.1356032344001093;31300.0;36674.377977001874
5;30;true;0.01;SchaffersEvaluation;16007;1.3983933776292983;2.135090339994182;5900.0;5664.803615307419
5;30;true;0.01;KatsuuraEvaluation;4042;1.2080546196779027;1.4727845259805477;50800.0;28899.134935149876
5;30;true;0.03;SchaffersEvaluation;20639;2.564354376704338;1.9694043211197598;10800.0;7440.430095095309
5;30;true;0.03;KatsuuraEvaluation;9712;0.0749990179553535;0.19254995038835648;41000.0;26966.64606509308
5;40;true;0.01;SchaffersEvaluation;20376;2.0235308587768954;1.7826429692036698;12900.0;26815.85351988633
5;40;true;0.01;KatsuuraEvaluation;12082;1.6288856739389133;1.64479717792096;49200.0;32083.64069116845
5;40;true;0.03;SchaffersEvaluation;26101;1.3119921830625099;1.5141481589060977;4800.0;2271.5633383201093
5;40;true;0.03;KatsuuraEvaluation;12081;0.07865098545929973;0.06910096915256991;39700.0;31616.609558901157
5;50;true;0.01;SchaffersEvaluation;27489;1.4923419222098349;1.8544298455931947;2700.0;1552.4174696260025
5;50;true;0.01;KatsuuraEvaluation;15399;2.014877805884451;2.233154984732523;32900.0;24089.209202462418
5;50;true;0.03;SchaffersEvaluation;14867;2.0461368443970893;2.2435937477085623;12700.0;11815.667564721005
5;50;true;0.03;KatsuuraEvaluation;12627;0.013427327993577954;0.011959224526257582;36110.0;36323.1179829045
1;0;false;0.0;SchaffersEvaluation;11737;0.5778737771170015;0.9032802596645084;2300.0;1552.4174696260025
2;10;false;0.0;SchaffersEvaluation;1110;0.6671022890255164;0.5258075966123266;1400.0;489.89794855663564
2;20;false;0.0;SchaffersEvaluation;6023;0.8764570149031398;0.7649526983752695;1400.0;916.515138991168
2;30;false;0.0;SchaffersEvaluation;32767;0.5526375073203633;0.49498088692040787;1300.0;458.257569495584
2;40;false;0.0;SchaffersEvaluation;19838;0.9413556653924415;0.7489103427316066;1800.0;871.7797887081347
2;50;false;0.0;SchaffersEvaluation;26740;1.1685005389537557;1.6465477286353114;2000.0;1183.2159566199232
4;10;false;0.0;SchaffersEvaluation;4772;0.2311921713236078;0.1681552386332869;2900.0;2547.5478405713993
4;20;false;0.0;SchaffersEvaluation;14141;1.0801009294501467;0.993282458239026;2700.0;1345.362404707371
4;30;false;0.0;SchaffersEvaluation;30091;0.8863928854615832;1.1065349842439995;2300.0;640.3124237432849
4;40;false;0.0;SchaffersEvaluation;28200;0.9988502762562724;1.173215728428266;2400.0;1019.803902718557
4;50;false;0.0;SchaffersEvaluation;25997;1.012590847160494;0.6596987005272494;4000.0;3660.6010435446256
5;10;false;0.0;SchaffersEvaluation;11187;0.7683005121990819;0.6036668778751199;5300.0;6694.027188471825
1;0;false;0.0;SchaffersEvaluation;24347;1.9437403191027645;1.846974564556005;1500.0;500.0
1;0;false;0.0;KatsuuraEvaluation;4034;0.31194282685491814;0.5896838081155625;19500.0;15363.918770938617
2;10;false;0.0;SchaffersEvaluation;21347;0.6391745088658608;0.6576117205006424;2100.0;1513.2745950421556
2;10;false;0.0;KatsuuraEvaluation;1836;0.6528022317184928;1.0546783732325895;28900.0;27497.090755205358
2;20;false;0.0;SchaffersEvaluation;22407;0.958104275398114;0.7616306153395007;2000.0;1483.2396974191327
2;20;false;0.0;KatsuuraEvaluation;28866;0.16805304623791234;0.249410961470772;43200.0;34556.62020510686
2;30;false;0.0;SchaffersEvaluation;23445;1.0760503518904505;1.1062956133075648;1800.0;979.7958971132713
2;30;false;0.0;KatsuuraEvaluation;9150;0.04027208039021795;0.060389685987061355;36200.0;32673.53669255901
2;40;false;0.0;SchaffersEvaluation;4834;0.8782220742598499;0.7065928301860112;2400.0;2244.994432064365
2;40;false;0.0;KatsuuraEvaluation;14124;0.8568661266658404;1.011824737310924;39600.0;35699.29971301958
2;50;false;0.0;SchaffersEvaluation;5281;0.8143831657195992;0.8198452720790519;1500.0;500.0
2;50;false;0.0;KatsuuraEvaluation;25762;0.11712012717258243;0.13314846828032642;29100.0;35987.35889169973
4;10;false;0.0;SchaffersEvaluation;18604;1.3540773770407113;0.9913014157466609;1600.0;489.89794855663564
4;10;false;0.0;KatsuuraEvaluation;1630;0.12337453125561777;0.23998964079960322;35300.0;33487.460339655496
4;20;false;0.0;SchaffersEvaluation;48;0.967227351063959;0.8610259859150746;4100.0;5752.390807307862
4;20;false;0.0;KatsuuraEvaluation;25789;0.37044454412808997;0.9091944799935638;34900.0;33080.054413498176
4;30;false;0.0;SchaffersEvaluation;14139;0.8699681905741283;0.8659805555529062;2600.0;1562.049935181331
4;30;false;0.0;KatsuuraEvaluation;10404;0.5480766399075742;0.8871822564323036;30200.0;32111.68011798822
4;40;false;0.0;SchaffersEvaluation;9761;1.0483246803738226;0.9377878198820396;5000.0;7668.115805072325
4;40;false;0.0;KatsuuraEvaluation;15951;0.39065181846770036;0.6729865915559372;36200.0;26693.81950939206
4;50;false;0.0;SchaffersEvaluation;5223;1.205365374680015;0.8664900052530357;4600.0;5141.9840528729765
4;50;false;0.0;KatsuuraEvaluation;29025;0.15551794266270996;0.37211001198724997;39800.0;26415.14716975849
5;10;false;0.0;SchaffersEvaluation;18947;0.8871330365846403;1.0884517466236057;4800.0;7871.46746166177
5;10;false;0.0;KatsuuraEvaluation;14579;0.23172861185523633;0.2738735452730243;23200.0;25059.130072690074
5;20;false;0.0;SchaffersEvaluation;21321;1.910330453252585;1.4969718654671702;3000.0;2323.7900077244503
5;20;false;0.0;KatsuuraEvaluation;20267;0.6534004240333258;0.9970757364723976;47900.0;26990.553903171385
5;30;false;0.0;SchaffersEvaluation;4727;1.186657578808557;1.6004366603527522;3100.0;3477.0677301427418
5;30;false;0.0;KatsuuraEvaluation;13867;0.023086675682474397;0.017327882282477045;45200.0;25114.935795259364
5;40;false;0.0;SchaffersEvaluation;4137;1.1131573858519672;0.7573428361767996;9200.0;18004.44389588304
5;40;false;0.0;KatsuuraEvaluation;1222;0.30169367270392944;0.49538302610616564;37300.0;32413.11462972974
5;50;false;0.0;SchaffersEvaluation;16887;1.911007186555524;1.0847626492529903;2400.0;1113.5528725660045
5;50;false;0.0;KatsuuraEvaluation;19588;0.36954363963721687;0.4440089549626579;26100.0;27800.899266030945
1;0;true;0.1;SchaffersEvaluation;8284;3.309145480381823;2.1994733847315677;25000.0;20420.577856662137
1;0;true;0.1;KatsuuraEvaluation;7992;0.0030105850502878517;0.0035981702080228437;35600.0;34156.11219093883
1;0;true;0.3;SchaffersEvaluation;5164;2.8948216099838993;2.1745131323843663;37200.0;31374.51194839531
1;0;true;0.3;KatsuuraEvaluation;28598;0.003505989674311492;0.007092556287926352;48200.0;37549.434083618355
2;10;true;0.1;SchaffersEvaluation;17789;1.665607276898602;1.1317622929986593;30000.0;27258.02634087802
2;10;true;0.1;KatsuuraEvaluation;2147;0.006158129257500389;0.00642295799243861;37400.0;33209.03491521547
2;10;true;0.3;SchaffersEvaluation;31468;2.932381339384299;2.3564278884729317;53100.0;28282.326636965354
2;10;true;0.3;KatsuuraEvaluation;14220;0.008023564101115821;0.015171117157129632;37600.0;29241.067011995303
2;20;true;0.1;SchaffersEvaluation;7045;2.7734041344976275;2.3802928127098197;21300.0;20576.92882818036
2;20;true;0.1;KatsuuraEvaluation;15795;0.007405502110479659;0.013363873825860607;32100.0;30709.770432225636
2;20;true;0.3;SchaffersEvaluation;17738;4.811924657622243;1.775152877883398;31700.0;23199.353439266364
2;20;true;0.3;KatsuuraEvaluation;6744;0.003308519993303042;0.003782733554416992;38900.0;37345.54859685422
2;30;true;0.1;SchaffersEvaluation;32341;3.447758461782377;2.748566876102768;38000.0;25635.912310662945
2;30;true;0.1;KatsuuraEvaluation;9806;0.0165723911138728;0.016704823896067946;36400.0;35338.93037430533
2;30;true;0.3;SchaffersEvaluation;17427;3.8034727918283173;1.8499738818802256;34000.0;26881.220210399675
2;30;true;0.3;KatsuuraEvaluation;21303;0.004828874052762935;0.004501726323339078;33800.0;32251.511592481987
2;40;true;0.1;SchaffersEvaluation;1939;2.305238097627789;2.4860766167801427;17500.0;14347.473645210155
2;40;true;0.1;KatsuuraEvaluation;22794;0.006326345987365117;0.009187386985797725;60100.0;27318.30887884534
2;40;true;0.3;SchaffersEvaluation;17327;3.1928976408939795;1.19820381367361;40700.0;21711.978260858683
2;40;true;0.3;KatsuuraEvaluation;11885;0.00494115683985887;0.006597942067792266;23500.0;24290.944814889353
2;50;true;0.1;SchaffersEvaluation;22971;3.451782497729268;2.73418236203128;21200.0;21169.789795838788
2;50;true;0.1;KatsuuraEvaluation;10422;0.0019194591013900705;0.0014230055891900654;47200.0;30782.462539569507
2;50;true;0.3;SchaffersEvaluation;15015;3.7216260963938503;2.2701802014776886;48400.0;24389.34193454182
2;50;true;0.3;KatsuuraEvaluation;13268;0.011543303820539783;0.011715477572596103;41100.0;33377.986757741994
4;10;true;0.1;SchaffersEvaluation;8833;1.7107337509602687;1.7763270698088858;16500.0;21181.359729724623
4;10;true;0.1;KatsuuraEvaluation;19055;0.01480307532587755;0.017053859398317724;41700.0;27839.00141887277
4;10;true;0.3;SchaffersEvaluation;14564;3.4711514284041387;2.3129153920509444;39700.0;21104.73880435387
4;10;true;0.3;KatsuuraEvaluation;31590;0.005465900382950166;0.004785197125300143;45400.0;26077.576574520877
4;20;true;0.1;SchaffersEvaluation;19709;3.469208371557646;2.7671072445111675;17200.0;14938.54075872205
4;20;true;0.1;KatsuuraEvaluation;1535;0.014472953933599025;0.022298427266891702;40100.0;29170.018854981907
4;20;true;0.3;SchaffersEvaluation;29650;5.72716587145794;1.9461763287933151;23800.0;15753.094934012173
4;20;true;0.3;KatsuuraEvaluation;22258;0.02639100361864516;0.04890972060327217;28100.0;27933.671437890152
4;30;true;0.1;SchaffersEvaluation;3934;1.6820290986478141;1.7059406476565568;34000.0;20223.748416156683
4;30;true;0.1;KatsuuraEvaluation;24039;0.02465402196219891;0.04032022386569401;58700.0;31289.13549460899
4;30;true;0.3;SchaffersEvaluation;11014;5.033580145485972;1.9707347895816316;32800.0;20633.95260244629
4;30;true;0.3;KatsuuraEvaluation;17103;0.012085441493484509;0.009396598062766121;60700.0;27813.8454730733
4;40;true;0.1;SchaffersEvaluation;21212;3.5245937260959854;2.9200510285454744;21100.0;8745.856161634492
4;40;true;0.1;KatsuuraEvaluation;3374;0.011135497446697501;0.012918299326599995;53800.0;33078.08942487459
4;40;true;0.3;SchaffersEvaluation;5549;6.414967134392529;1.506680501510845;26800.0;17485.994395515514
4;40;true;0.3;KatsuuraEvaluation;9740;0.006222380711831466;0.00582051576106202;55500.0;32262.206992082858
4;50;true;0.1;SchaffersEvaluation;23189;3.5378458970987268;2.2805921490374383;23300.0;15323.511346946561
4;50;true;0.1;KatsuuraEvaluation;28074;0.023718257408348112;0.02766073350528335;24200.0;30658.767098498924
4;50;true;0.3;SchaffersEvaluation;18853;6.313247134695634;1.6805823194697018;33300.0;24904.015740438328
4;50;true;0.3;KatsuuraEvaluation;28309;0.00916638681420343;0.009809635518379763;31700.0;23013.257048927255
5;10;true;0.1;SchaffersEvaluation;15335;3.112529476263645;2.5030375978671167;26000.0;14219.704638282752
5;10;true;0.1;KatsuuraEvaluation;17285;0.02614827725281903;0.02455269542974111;27000.0;32400.61727807049
5;10;true;0.3;SchaffersEvaluation;17763;4.57112199625746;2.4290005037353763;42700.0;27103.68978570999
5;10;true;0.3;KatsuuraEvaluation;5065;0.02208084097996262;0.022825664517177484;22100.0;17991.386828146406
5;20;true;0.1;SchaffersEvaluation;21415;3.5941201617910323;2.0890626268569186;25700.0;19738.54097951518
5;20;true;0.1;KatsuuraEvaluation;1620;0.012369323509787127;0.01987452123036263;43300.0;32787.34511972569
5;20;true;0.3;SchaffersEvaluation;4403;6.0192183934896235;1.2338923843674097;38900.0;25236.679654819887
5;20;true;0.3;KatsuuraEvaluation;12550;0.020318124732183196;0.01718554917720132;13800.0;14538.225476308999
5;30;true;0.1;SchaffersEvaluation;24502;4.551166585001638;2.179421298581188;18700.0;12720.455966670377
5;30;true;0.1;KatsuuraEvaluation;9831;0.02467016738455471;0.03044952914178354;36700.0;28443.101096751037
5;30;true;0.3;SchaffersEvaluation;10913;3.770122985762165;2.4088665846672868;35200.0;25670.216204777083
5;30;true;0.3;KatsuuraEvaluation;15832;0.008157238709130928;0.01077383092052793;46900.0;33711.867346677784
5;40;true;0.1;SchaffersEvaluation;11002;4.040323424628413;2.33983605752409;23000.0;13371.611720357423
5;40;true;0.1;KatsuuraEvaluation;6186;0.03076561006592094;0.05000567605913632;18400.0;26762.660555333434
5;40;true;0.3;SchaffersEvaluation;19697;4.404185750799785;2.7559739266448364;30600.0;21019.990485249986
5;40;true;0.3;KatsuuraEvaluation;24006;0.007125220632057989;0.006217311951280902;34000.0;33618.447316912185
5;50;true;0.1;SchaffersEvaluation;3958;2.7767295557051677;2.3454792605886436;21600.0;21982.72048678234
5;50;true;0.1;KatsuuraEvaluation;14965;0.008551593826143235;0.006867547575769825;43400.0;27623.178672991275
5;50;true;0.3;SchaffersEvaluation;4140;5.18063580804727;2.020886020693618;43600.0;27115.309328864387
5;50;true;0.3;KatsuuraEvaluation;14022;0.008367744067961034;0.005430574480205936;35700.0;34176.161282390975
1;0;false;0.0;SchaffersEvaluation;6436;0.7817926523636254;1.2841083634992525;1700.0;1268.8577540449521
2;10;false;0.0;SchaffersEvaluation;30393;1.725238313836422;2.0003602886526632;1300.0;640.3124237432849
2;20;false;0.0;SchaffersEvaluation;28304;0.5337086670964745;0.5806099220606441;1200.0;400.0
2;30;false;0.0;SchaffersEvaluation;15119;0.827217003325311;0.6259859318354329;1800.0;1077.0329614269008
2;40;false;0.0;SchaffersEvaluation;9128;0.8246395222418412;0.6659754479312066;2200.0;1248.9995996796797
2;50;false;0.0;SchaffersEvaluation;18877;1.3092213364142202;1.1017262511070594;5100.0;7189.575787207476
4;10;false;0.0;SchaffersEvaluation;5446;0.6062930946516445;0.9990238173519549;2000.0;1483.2396974191327
4;20;false;0.0;SchaffersEvaluation;1709;0.5669784024085929;0.4905416523998375;4000.0;3820.99463490856
4;30;false;0.0;SchaffersEvaluation;31367;1.0785514213287628;1.553442714544033;2500.0;2012.4611797498108
4;40;false;0.0;SchaffersEvaluation;28653;1.157700081404963;0.9654518862049137;5000.0;7238.784428341543
4;50;false;0.0;SchaffersEvaluation;17462;1.5765008073596403;1.2470280527548625;2000.0;1183.2159566199232
5;10;false;0.0;SchaffersEvaluation;17394;1.619448687212584;1.9848580106040508;1800.0;871.7797887081347
1;0;false;0.0;SchaffersEvaluation;17899;0.6117307565425839;0.6013493440953971;2000.0;1183.2159566199232
1;0;false;0.0;KatsuuraEvaluation;18302;0.18393101041185675;0.253286130869489;53700.0;35499.436615247854
2;10;false;0.0;SchaffersEvaluation;10635;1.0040084230757538;1.091176059583528;2900.0;2947.880594596735
2;10;false;0.0;KatsuuraEvaluation;4025;0.79716377779353;1.2585149229584291;25900.0;22196.621364523024
2;20;false;0.0;SchaffersEvaluation;7194;0.9919473695628265;0.8585384179797114;2300.0;2282.5424421026655
2;20;false;0.0;KatsuuraEvaluation;26267;0.2927051686075312;0.803397746155226;65210.0;34650.49638894081
2;30;false;0.0;SchaffersEvaluation;5270;0.4109863646004494;0.279960714834933;1800.0;1166.19037896906
2;30;false;0.0;KatsuuraEvaluation;5473;0.0903721188321492;0.2260052521765377;36700.0;32218.162579514057
2;40;false;0.0;SchaffersEvaluation;32277;0.8670987381255006;1.0960505333634443;2500.0;1565.2475842498527
2;40;false;0.0;KatsuuraEvaluation;17168;0.6300708631088506;0.8014633009449063;34800.0;33922.853653547485
2;50;false;0.0;SchaffersEvaluation;10934;0.5679866409163756;0.8448846724697482;2200.0;1166.19037896906
2;50;false;0.0;KatsuuraEvaluation;11331;0.11239075018567779;0.26811261790146446;41300.0;33973.66627257058
4;10;false;0.0;SchaffersEvaluation;32077;1.0345481931256821;0.7595859164219365;2300.0;2325.9406699226015
4;10;false;0.0;KatsuuraEvaluation;18170;0.49898518343580084;0.6648640137940327;18500.0;14312.58187749506
4;20;false;0.0;SchaffersEvaluation;31100;1.1183891340231153;1.1188511510648516;2300.0;1676.305461424021
4;20;false;0.0;KatsuuraEvaluation;18965;0.026156271493776286;0.03010179098504146;54100.0;32794.664200140855
4;30;false;0.0;SchaffersEvaluation;496;0.8981421384883944;0.6240297791390105;1700.0;1187.4342087037917
4;30;false;0.0;KatsuuraEvaluation;22505;1.0758534656656018;1.5890578513297897;43400.0;31158.305473821903
4;40;false;0.0;SchaffersEvaluation;17011;1.396893414865948;1.7096497367674823;3600.0;4386.342439892262
4;40;false;0.0;KatsuuraEvaluation;13142;0.14418327514830592;0.19171146449857376;38700.0;30669.365823244538
4;50;false;0.0;SchaffersEvaluation;18164;1.6110569132128993;1.3737256659678698;5200.0;8340.263784797216
4;50;false;0.0;KatsuuraEvaluation;25334;0.4008859219994349;0.6248594912012068;56300.0;24310.69723393387
5;10;false;0.0;SchaffersEvaluation;14147;0.7865531082193575;0.8763966922023061;4300.0;5273.518749374084
5;10;false;0.0;KatsuuraEvaluation;15429;0.19231110771588816;0.43408864845648365;38100.0;30994.999596709145
5;20;false;0.0;SchaffersEvaluation;22564;1.1094221911699755;0.9467385292761593;1700.0;640.3124237432849
5;20;false;0.0;KatsuuraEvaluation;10990;0.5717841114159886;1.0901886151768396;40200.0;33364.05251164792
5;30;false;0.0;SchaffersEvaluation;6801;0.7188115874721597;0.75913090328567;2600.0;2835.489375751565
5;30;false;0.0;KatsuuraEvaluation;9178;0.6007930445964285;1.05410979049278;25900.0;31229.633363201687
5;40;false;0.0;SchaffersEvaluation;31307;1.6016460967872042;2.0046900619448595;3400.0;2107.1307505705477
5;40;false;0.0;KatsuuraEvaluation;24950;0.2347552602625682;0.2804810772624919;37900.0;29941.442851005027
5;50;false;0.0;SchaffersEvaluation;16181;1.4505366191144664;1.7539744548144536;2100.0;700.0
5;50;false;0.0;KatsuuraEvaluation;17160;0.3846695381920716;0.569502291463204;37000.0;33597.61896325393
1;0;true;1;SchaffersEvaluation;17242;0.8226176713058674;0.6991399202257748;22000.0;34310.34829318991
1;0;true;1;KatsuuraEvaluation;29904;0.004626378267159844;0.0066730124709578655;34700.0;28951.85658986311
1;0;true;3;SchaffersEvaluation;22488;0.008158155099225864;0.010002534910609482;5610.0;7637.335922951143
1;0;true;3;KatsuuraEvaluation;8026;0.00045070458600946796;0.0004291008210749637;38300.0;26073.1662825979
2;10;true;1;SchaffersEvaluation;28774;1.6819812197424855;1.546498467612313;17000.0;17955.50054997075
2;10;true;1;KatsuuraEvaluation;16943;0.011625606684555236;0.015621694823309254;21700.0;22181.2984290821
2;10;true;3;SchaffersEvaluation;208;0.12463358826038543;0.2211214001673254;7000.0;10770.329614269009
2;10;true;3;KatsuuraEvaluation;255;0.010677993139624703;0.016086755840508823;43610.0;35656.260319893336
2;20;true;1;SchaffersEvaluation;6805;2.7507528482079584;1.9071560845943691;26900.0;23947.651241823278
2;20;true;1;KatsuuraEvaluation;19395;0.009489543476372713;0.018829130061660624;45900.0;22980.208876335306
2;20;true;3;SchaffersEvaluation;1798;0.17044455639975112;0.26359756604567725;2600.0;1562.049935181331
2;20;true;3;KatsuuraEvaluation;10571;0.003390203540592948;0.004306395931149007;48600.0;29570.931672843857
2;30;true;1;SchaffersEvaluation;17115;1.6219019686152436;0.9450249735315874;8400.0;11490.86593777858
2;30;true;1;KatsuuraEvaluation;24761;0.01742181823476254;0.02338381233889263;34100.0;30078.065097342947
2;30;true;3;SchaffersEvaluation;22152;0.08813438956714631;0.10776120449707091;3000.0;2449.489742783178
2;30;true;3;KatsuuraEvaluation;9342;0.005446498039392722;0.0071850479403464855;48300.0;28548.37998906418
2;40;true;1;SchaffersEvaluation;20768;2.129575904379224;1.7125395685198475;16400.0;16548.111674750082
2;40;true;1;KatsuuraEvaluation;14410;0.006149152085773377;0.011305742239447608;52300.0;31205.92892384394
2;40;true;3;SchaffersEvaluation;6132;0.5174499806850096;1.2932455257742814;2710.0;2357.3077864377406
2;40;true;3;KatsuuraEvaluation;12918;0.010635483717389755;0.011113372964997916;29000.0;25007.998720409436
2;50;true;1;SchaffersEvaluation;12749;2.310129820155937;2.4172992355803227;9100.0;13404.849868610987
2;50;true;1;KatsuuraEvaluation;31985;0.004912425648658213;0.005883005633134438;35000.0;27323.982140237174
2;50;true;3;SchaffersEvaluation;24230;0.10971740173934022;0.15043162285474831;3500.0;5554.277630799526
2;50;true;3;KatsuuraEvaluation;29792;0.008953337300821328;0.011921882471299949;23700.0;20885.64100045771
4;10;true;1;SchaffersEvaluation;676;5.637311264770931;1.293034099882592;40100.0;30061.437091396678
4;10;true;1;KatsuuraEvaluation;29060;0.01195424272195234;0.01965271558489963;48900.0;38492.72658568109
4;10;true;3;SchaffersEvaluation;9099;0.15930655591770726;0.11138033061151484;2300.0;1676.305461424021
4;10;true;3;KatsuuraEvaluation;30383;0.010439755102230814;0.01605983190156137;49000.0;29363.242327781176
4;20;true;1;SchaffersEvaluation;27109;5.3225179116244705;2.527684386361025;32100.0;21379.66323401751
4;20;true;1;KatsuuraEvaluation;22158;0.026195572608670042;0.04694748118583278;42100.0;37572.463320894996
4;20;true;3;SchaffersEvaluation;17764;0.3291311553913392;0.417136587227662;8400.0;12034.949106664308
4;20;true;3;KatsuuraEvaluation;16151;0.011929973263024772;0.011366532423266651;30800.0;30603.267799370708
4;30;true;1;SchaffersEvaluation;10199;4.171861834879906;2.6758290959348043;28600.0;24775.79463912308
4;30;true;1;KatsuuraEvaluation;15775;0.011859825126049732;0.011896787825625171;40500.0;23005.43414065468
4;30;true;3;SchaffersEvaluation;27602;0.7447851585431458;0.9983806882741088;7600.0;6800.0
4;30;true;3;KatsuuraEvaluation;20826;0.015298523071550982;0.018763977768910284;35100.0;27674.717704070623
4;40;true;1;SchaffersEvaluation;15177;3.9219328430295226;1.7957440880723219;22200.0;11513.470371699403
4;40;true;1;KatsuuraEvaluation;14230;0.008118953498174692;0.008676792124117809;42700.0;25698.443532634425
4;40;true;3;SchaffersEvaluation;2230;0.26048945031592596;0.1754757252203381;2700.0;1951.9221295943134
4;40;true;3;KatsuuraEvaluation;24457;0.023030000269510607;0.02507291209448079;42500.0;36014.58038072914
4;50;true;1;SchaffersEvaluation;9407;5.264514814745814;1.7087992178889422;23300.0;10218.121158021175
4;50;true;1;KatsuuraEvaluation;1814;0.014273194210276919;0.016060268323270316;37700.0;37722.80477377047
4;50;true;3;SchaffersEvaluation;4833;0.18302038148667343;0.14609872499671123;4000.0;7028.513356322232
4;50;true;3;KatsuuraEvaluation;7969;0.009085975138997237;0.0133571208674829;35600.0;36442.28313374452
5;10;true;1;SchaffersEvaluation;23938;4.678137011410271;2.915450304867476;51400.0;31420.37555472563
5;10;true;1;KatsuuraEvaluation;423;0.006213170203405669;0.008172932846909623;40700.0;31711.354433388682
5;10;true;3;SchaffersEvaluation;21214;0.32747399500140906;0.686326193076362;9400.0;14221.111067704942
5;10;true;3;KatsuuraEvaluation;31701;0.012760803244698613;0.014402089534364287;42600.0;32665.57821315888
5;20;true;1;SchaffersEvaluation;12508;4.576187417380689;2.341885071234617;31700.0;22618.797492351358
5;20;true;1;KatsuuraEvaluation;17119;0.0090251972243281;0.010373604254702084;39900.0;35733.59763583846
5;20;true;3;SchaffersEvaluation;27436;0.19877447137991305;0.19349989422784067;9100.0;17154.88268686207
5;20;true;3;KatsuuraEvaluation;4718;0.006020298614065658;0.007197064325242864;41400.0;37438.48287524482
5;30;true;1;SchaffersEvaluation;26939;5.560910409981245;1.5705482420672465;25800.0;14538.225476308999
5;30;true;1;KatsuuraEvaluation;6326;0.013086892288200789;0.01738481019010989;53100.0;36426.501341742936
5;30;true;3;SchaffersEvaluation;10084;0.4926006235163662;0.6519384071656302;5600.0;8014.985963805551
5;30;true;3;KatsuuraEvaluation;3084;0.021630649876588068;0.031922191264971166;47800.0;32553.955212846256
5;40;true;1;SchaffersEvaluation;5541;5.033741077485473;2.161174440094868;21800.0;11435.033887138245
5;40;true;1;KatsuuraEvaluation;405;0.010924772411139485;0.015761786510436113;45200.0;28666.35658747027
5;40;true;3;SchaffersEvaluation;6731;0.5473604104085322;0.9338912548664533;19300.0;23069.67706752741
5;40;true;3;KatsuuraEvaluation;10144;0.0342286789095556;0.0380464988061819;37500.0;22078.26985975124
5;50;true;1;SchaffersEvaluation;8771;4.994647615513242;1.846636829486068;17200.0;16178.998732925347
5;50;true;1;KatsuuraEvaluation;279;0.013496015051422958;0.01902365167830762;23500.0;25707.002936943078
5;50;true;3;SchaffersEvaluation;15478;0.6884905662481076;0.7644509187671656;7100.0;6963.476143421473
5;50;true;3;KatsuuraEvaluation;28786;0.008154352505295417;0.015755217153181813;58800.0;37314.34040687307
